Rk,Player,Nation,Pos,Squad,Age,Born,MP,Starts▼,Min,90s,Gls,Ast,G-PK,PK,PKatt,CrdY,CrdR,xG,npxG,xAG,npxG+xAG,-9999
1,Matty Cash,pl POL,DF,Aston Villa,23,1997,38,38,3377,37.5,4,3,4,0,0,8,0,3.4,3.4,3.3,6.7,2389cdc2
2,Conor Coady,eng ENG,DF,Wolves,28,1993,38,38,3361,37.3,4,0,4,0,0,4,0,2.9,2.9,0.1,3.0,2928dca2
3,David de Gea,es ESP,GK,Manchester Utd,30,1990,38,38,3420,38.0,0,0,0,0,0,0,0,0.0,0.0,0.0,0.0,7ba6d84e
4,Hugo Lloris,fr FRA,GK,Tottenham,34,1986,38,38,3420,38.0,0,0,0,0,0,2,0,0.0,0.0,0.2,0.2,8f62b6ee
5,Illan Meslier,fr FRA,GK,Leeds United,21,2000,38,38,3384,37.6,0,0,0,0,0,2,0,0.0,0.0,0.0,0.0,6b625ac2
6,Ederson,br BRA,GK,Manchester City,27,1993,37,37,3330,37.0,0,0,0,0,0,3,0,0.0,0.0,0.0,0.0,3bb7b8b4
7,Łukasz Fabiański,pl POL,GK,West Ham,36,1985,37,37,3330,37.0,0,0,0,0,0,2,0,0.0,0.0,0.0,0.0,9328b835
8,Pontus Jansson,se SWE,DF,Brentford,30,1991,37,37,3321,36.9,3,1,3,0,0,7,0,3.0,3.0,0.5,3.5,172e52d8
9,Teemu Pukki,fi FIN,FW,Norwich City,31,1990,37,37,3253,36.1,11,3,8,3,3,4,0,12.7,10.3,3.6,14.0,0745b37d
10,José Sá,pt POR,GK,Wolves,28,1993,37,37,3285,36.5,0,1,0,0,0,3,0,0.0,0.0,0.4,0.4,903b6e8b
11,Robert Sánchez,es ESP,GK,Brighton,23,1997,37,37,3329,37.0,0,0,0,0,0,3,1,0.0,0.0,0.4,0.4,6a713852
12,Kasper Schmeichel,dk DEN,GK,Leicester City,34,1986,37,37,3330,37.0,0,0,0,0,0,2,0,0.0,0.0,0.0,0.0,53af52f3
13,Alisson,br BRA,GK,Liverpool,28,1992,36,36,3240,36.0,0,1,0,0,0,0,0,0.0,0.0,1.0,1.0,7a2e46a8
14,João Cancelo,pt POR,DF,Manchester City,27,1994,36,36,3227,35.9,1,7,1,0,0,7,0,5.1,5.1,6.1,11.2,bd6351cd
15,Marc Guéhi,eng ENG,DF,Crystal Palace,21,2000,36,36,3222,35.8,2,1,2,0,0,4,0,2.4,2.4,1.2,3.6,d0706b27
16,Pierre Højbjerg,dk DEN,MF,Tottenham,25,1995,36,36,3196,35.5,2,2,2,0,0,3,0,2.8,2.8,2.3,5.1,8b04d6c1
17,Harry Kane,eng ENG,FW,Tottenham,28,1993,37,36,3232,35.9,17,9,13,4,4,5,0,19.6,16.4,9.3,25.7,21a66f6a
18,Emiliano Martínez,ar ARG,GK,Aston Villa,28,1992,36,36,3240,36.0,0,0,0,0,0,4,0,0.0,0.0,0.0,0.0,7956236f
19,Nick Pope,eng ENG,GK,Burnley,29,1992,36,36,3240,36.0,0,0,0,0,0,1,0,0.0,0.0,0.1,0.1,4b40d9ca
20,Bukayo Saka,eng ENG,MF,Arsenal,19,2001,38,36,2978,33.1,11,7,9,2,2,6,0,11.2,10.2,8.3,18.5,bc7dc64d
21,Moussa Sissoko,fr FRA,MF,Watford,31,1989,36,36,3220,35.8,2,1,2,0,0,5,0,3.4,3.3,4.3,7.6,2acd49b9
22,James Ward-Prowse,eng ENG,MF,Southampton,26,1994,36,36,3215,35.7,10,5,6,4,4,3,1,5.9,2.7,7.3,10.0,3515d404
23,Marc Cucurella,es ESP,DF,Brighton,23,1998,35,35,3089,34.3,1,1,1,0,0,6,0,1.0,1.0,3.2,4.2,1daec722
24,Eric Dier,eng ENG,DF,Tottenham,27,1994,35,35,3071,34.1,0,0,0,0,0,1,0,1.3,1.3,0.7,2.0,ac861941
25,Gabriel Dos Santos,br BRA,DF,Arsenal,23,1997,35,35,3063,34.0,5,0,5,0,0,8,1,3.3,3.3,0.8,4.1,67ac5bb8
26,Bruno Fernandes,pt POR,MF,Manchester Utd,26,1994,36,35,3111,34.6,10,6,10,0,2,10,0,11.6,10.0,9.7,19.7,507c7bdf
27,Son Heung-min,kr KOR,MFFW,Tottenham,29,1992,35,35,3006,33.4,23,7,23,0,0,2,0,15.6,15.6,8.5,24.1,92e7e919
28,John McGinn,sct SCO,MF,Aston Villa,26,1994,35,35,3090,34.3,3,4,3,0,0,8,0,1.8,1.8,5.4,7.2,90f91999
29,Dwight McNeil,eng ENG,MF,Burnley,21,1999,38,35,3107,34.5,0,1,0,0,0,1,0,2.9,2.9,5.3,8.3,fc15fb84
30,Tyrone Mings,eng ENG,DF,Aston Villa,28,1993,36,35,3189,35.4,1,3,1,0,0,11,0,2.2,2.2,1.1,3.3,8397a50c
31,Tyrick Mitchell,eng ENG,DF,Crystal Palace,21,1999,36,35,3101,34.5,0,2,0,0,0,1,0,0.4,0.4,1.8,2.3,5cbd1eb0
32,Christian Nørgaard,dk DEN,MF,Brentford,27,1994,35,35,3054,33.9,3,4,3,0,0,8,0,4.3,4.3,3.9,8.2,df0a4c90
33,Jordan Pickford,eng ENG,GK,Everton,27,1994,35,35,3150,35.0,0,0,0,0,0,2,0,0.0,0.0,0.1,0.1,4806ec67
34,Declan Rice,eng ENG,MF,West Ham,22,1999,36,35,3179,35.3,1,4,1,0,0,8,0,1.6,1.6,2.1,3.7,1c7012b8
35,James Tarkowski,eng ENG,DF,Burnley,28,1992,35,35,3106,34.5,1,2,1,0,0,11,0,2.8,2.8,0.8,3.6,15ea812b
36,Michail Antonio,jm JAM,FW,West Ham,31,1990,36,34,2971,33.0,10,8,10,0,1,8,1,12.8,12.3,6.9,19.2,ac05f970
37,Jarrod Bowen,eng ENG,MF,West Ham,24,1996,36,34,2983,33.1,12,10,12,0,0,6,0,13.3,13.3,5.9,19.2,79c84d1c
38,Stuart Dallas,nir NIR,DFMF,Leeds United,30,1991,34,34,2919,32.4,1,1,1,0,0,5,0,2.3,2.3,2.8,5.2,67ca8566
39,Bryan Mbeumo,cm CMR,FW,Brentford,21,1999,35,34,2905,32.3,4,7,3,1,1,4,0,9.6,8.8,4.1,12.9,6afaebf2
40,Edouard Mendy,sn SEN,GK,Chelsea,29,1992,34,34,3060,34.0,0,0,0,0,0,3,0,0.0,0.0,0.0,0.0,33887998
41,João Moutinho,pt POR,MF,Wolves,34,1986,35,34,2970,33.0,2,1,2,0,0,4,0,1.4,1.4,3.0,4.4,f5a00fa4
42,Aaron Ramsdale,eng ENG,GK,Arsenal,23,1998,34,34,3060,34.0,0,0,0,0,0,1,0,0.0,0.0,0.0,0.0,466fb2c5
43,Raphinha,br BRA,MFFW,Leeds United,24,1996,35,34,2915,32.4,11,3,7,4,4,7,0,11.3,8.1,8.3,16.4,3423f250
44,Oriol Romeu,es ESP,MF,Southampton,29,1991,36,34,2889,32.1,2,2,2,0,0,9,0,1.7,1.7,3.0,4.7,4b511457
45,Antonio Rüdiger,de GER,DF,Chelsea,28,1993,34,34,3035,33.7,3,0,3,0,0,9,0,3.1,3.1,0.8,3.9,18b896d6
46,Tomáš Souček,cz CZE,MF,West Ham,26,1995,35,34,3062,34.0,5,1,5,0,0,3,0,5.7,5.1,2.1,7.2,6613c819
47,Virgil van Dijk,nl NED,DF,Liverpool,30,1991,34,34,3060,34.0,3,1,3,0,0,3,0,2.5,2.5,1.7,4.2,e06683ca
48,Conor Gallagher,eng ENG,MF,Crystal Palace,21,2000,34,33,2845,31.6,8,3,8,0,0,10,0,7.7,7.7,3.5,11.2,c2731c10
49,Grant Hanley,sct SCO,DF,Norwich City,29,1991,33,33,2897,32.2,1,0,1,0,0,2,0,2.1,2.1,0.7,2.9,e9254eec
50,Rico Henry,eng ENG,DF,Brentford,24,1997,34,33,2776,30.8,3,0,3,0,0,2,0,1.5,1.5,1.9,3.4,8a3c1dc7
51,Aymeric Laporte,es ESP,DF,Manchester City,27,1994,33,33,2828,31.4,4,0,4,0,0,5,1,4.7,4.7,0.8,5.5,119b9a8e
52,Rodri,es ESP,MF,Manchester City,25,1996,33,33,2884,32.0,7,2,7,0,0,5,0,3.0,3.0,1.9,4.9,6434f10d
53,Mohammed Salisu,gh GHA,DF,Southampton,22,1999,34,33,2972,33.0,0,0,0,0,0,10,1,2.0,2.0,0.7,2.7,0b33f6ad
54,Bernardo Silva,pt POR,MFFW,Manchester City,26,1994,35,33,2857,31.7,8,4,8,0,0,6,0,7.6,7.6,7.8,15.4,3eb22ec9
55,Joël Veltman,nl NED,DF,Brighton,29,1992,34,33,2874,31.9,1,1,1,0,0,6,0,0.9,0.9,1.8,2.7,dad4b285
56,Ollie Watkins,eng ENG,FW,Aston Villa,25,1995,35,33,2952,32.8,11,2,10,1,1,7,0,11.0,10.4,3.7,14.2,aed3a70f
57,Max Aarons,eng ENG,DF,Norwich City,21,2000,34,32,2881,32.0,0,2,0,0,0,8,0,0.9,0.9,1.6,2.5,774cf58b
58,Trent Alexander-Arnold,eng ENG,DF,Liverpool,22,1998,32,32,2853,31.7,2,12,2,0,0,2,0,2.9,2.9,12.9,15.8,cd1acf9d
59,Joachim Andersen,dk DEN,DF,Crystal Palace,25,1996,34,32,2916,32.4,0,3,0,0,0,4,0,0.9,0.9,2.1,2.9,e34fc66d
60,Josh Brownhill,eng ENG,MF,Burnley,25,1995,35,32,2955,32.8,2,3,2,0,0,10,0,1.7,1.7,3.2,4.9,47369df8
61,Pablo Fornals,es ESP,MF,West Ham,25,1996,36,32,2795,31.1,6,3,6,0,0,4,0,5.2,5.2,7.6,12.7,82927de4
62,Jack Harrison,eng ENG,MFFW,Leeds United,24,1996,35,32,2639,29.3,8,1,8,0,0,3,0,4.9,4.9,3.6,8.5,aa849a12
63,Sadio Mané,sn SEN,FW,Liverpool,29,1992,34,32,2819,31.3,16,2,16,0,0,5,0,18.3,18.3,5.9,24.3,c691bfe2
64,Martin Ødegaard,no NOR,MFFW,Arsenal,22,1998,36,32,2785,30.9,7,4,7,0,0,4,0,5.2,5.2,7.7,12.9,79300479
65,Ethan Pinnock,jm JAM,DF,Brentford,28,1993,32,32,2694,29.9,1,1,1,0,0,1,0,1.6,1.6,1.2,2.7,e541326e
66,Ivan Toney,eng ENG,FW,Brentford,25,1996,33,32,2909,32.3,12,5,7,5,5,8,0,12.4,8.5,5.9,14.4,e09f279b
67,Leandro Trossard,be BEL,FWMF,Brighton,26,1994,34,32,2805,31.2,8,3,7,1,1,2,0,7.6,6.8,5.3,12.1,38ceb24a
68,Ben White,eng ENG,DF,Arsenal,23,1997,32,32,2880,32.0,0,0,0,0,0,3,0,1.0,1.0,1.5,2.5,35e413f1
69,Aaron Cresswell,eng ENG,DF,West Ham,31,1989,31,31,2726,30.3,2,3,2,0,0,3,0,1.3,1.3,3.7,5.0,4f974391
70,Michael Keane,eng ENG,DF,Everton,28,1993,32,31,2792,31.0,3,2,3,0,0,4,1,1.6,1.6,1.5,3.0,c5b7c315
71,Douglas Luiz,br BRA,MF,Aston Villa,23,1998,34,31,2715,30.2,2,3,2,0,0,7,0,2.0,2.0,3.2,5.2,6f7d826d
72,Joël Matip,cm CMR,DF,Liverpool,29,1991,31,31,2790,31.0,3,3,3,0,0,2,0,3.5,3.5,1.3,4.9,b217ef29
73,Rúben Neves,pt POR,MF,Wolves,24,1997,33,31,2661,29.6,4,2,4,0,0,9,0,1.7,1.7,2.5,4.2,44bfb6c5
74,Allan Saint-Maximin,fr FRA,FWMF,Newcastle Utd,24,1997,35,31,2804,31.2,5,5,5,0,0,6,0,5.7,5.7,4.9,10.5,2b16cb1a
75,Romain Saïss,ma MAR,DF,Wolves,31,1990,31,31,2705,30.1,2,0,2,0,0,6,0,3.0,3.0,0.5,3.5,9fbbcf39
76,Wilfried Zaha,ci CIV,FWMF,Crystal Palace,28,1992,33,31,2760,30.7,14,1,9,5,7,6,1,11.0,5.4,6.8,12.2,b2bc3b1f
77,Jan Bednarek,pl POL,DF,Southampton,25,1996,31,30,2629,29.2,4,0,4,0,0,10,0,2.4,2.4,0.5,2.9,4115ce4e
78,Séamus Coleman,ie IRL,DF,Everton,32,1988,30,30,2656,29.5,1,0,1,0,0,4,0,1.1,1.1,0.7,1.9,0420d84f
79,Craig Dawson,eng ENG,DF,West Ham,31,1990,34,30,2754,30.6,2,2,2,0,0,5,1,3.5,3.5,0.9,4.4,3e9e06cb
80,Emmanuel Dennis,ng NGA,FWMF,Watford,23,1997,33,30,2581,28.7,10,6,10,0,0,9,1,7.7,7.6,4.6,12.2,2c44a35d
81,Vicente Guaita,es ESP,GK,Crystal Palace,34,1987,30,30,2655,29.5,0,0,0,0,0,2,0,0.0,0.0,0.0,0.0,ab13a5aa
82,Raúl Jiménez,mx MEX,FW,Wolves,30,1991,34,30,2631,29.2,6,4,5,1,1,9,2,6.4,5.8,3.5,9.3,b561db50
83,Joelinton,br BRA,MFFW,Newcastle Utd,24,1996,35,30,2558,28.4,4,1,4,0,0,8,0,4.2,4.2,2.6,6.8,c17bfb65
84,Max Kilman,eng ENG,DF,Wolves,24,1997,30,30,2687,29.9,1,0,1,0,0,3,0,1.0,1.0,0.2,1.2,d0f72bf1
85,Mohamed Salah,eg EGY,FW,Liverpool,29,1992,35,30,2762,30.7,23,13,18,5,6,1,0,23.7,18.8,9.7,28.4,e342ad68
86,Charlie Taylor,eng ENG,DF,Burnley,27,1993,31,30,2731,30.3,0,3,0,0,0,3,0,0.3,0.3,3.5,3.7,cc2d7ad5
87,Abdoulaye Doucouré,ml MLI,MF,Everton,28,1993,30,29,2537,28.2,2,4,2,0,0,6,0,3.0,3.0,3.0,5.9,02b29014
88,Lewis Dunk,eng ENG,DF,Brighton,29,1991,29,29,2573,28.6,1,0,1,0,0,3,1,1.6,1.6,0.5,2.2,282f75f3
89,Jordan Henderson,eng ENG,MF,Liverpool,31,1990,35,29,2597,28.9,2,5,2,0,0,3,0,1.6,1.6,3.8,5.4,935e6b8f
90,Daniel James,wls WAL,FWMF,Leeds United,23,1997,32,29,2366,26.3,4,4,4,0,0,7,1,6.8,6.8,2.6,9.4,c931d9f9
91,Ezri Konsa,eng ENG,DF,Aston Villa,23,1997,29,29,2477,27.5,2,0,2,0,0,6,2,1.9,1.9,0.3,2.2,0313a347
92,Tim Krul,nl NED,GK,Norwich City,33,1988,29,29,2610,29.0,0,0,0,0,0,1,0,0.0,0.0,0.4,0.4,f23f9d20
93,Kenny McLean,sct SCO,MF,Norwich City,29,1992,31,29,2706,30.1,1,0,1,0,0,3,0,2.2,2.2,0.9,3.2,471f16b3
94,Jacob Ramsey,eng ENG,MF,Aston Villa,20,2001,34,29,2467,27.4,6,1,6,0,0,6,0,4.5,4.5,2.2,6.7,1544f145
95,Andrew Robertson,sct SCO,DF,Liverpool,27,1994,29,29,2537,28.2,3,10,3,0,0,5,1,1.6,1.6,6.0,7.6,2e4f5f03
96,Youri Tielemans,be BEL,MF,Leicester City,24,1997,32,29,2631,29.2,6,4,4,2,2,3,0,5.2,3.6,4.3,7.9,56f7a928
97,Kyle Walker-Peters,eng ENG,DF,Southampton,24,1997,32,29,2633,29.3,1,2,1,0,0,5,0,1.6,1.6,2.8,4.4,984a5a64
98,Ben Davies,wls WAL,DF,Tottenham,28,1993,29,28,2538,28.2,1,1,1,0,0,6,0,2.1,2.1,0.8,3.0,44781702
99,Ben Gibson,eng ENG,DF,Norwich City,28,1993,28,28,2494,27.7,0,0,0,0,0,5,1,1.0,1.0,0.3,1.2,bcfb0142
100,Demarai Gray,eng ENG,MFFW,Everton,25,1996,34,28,2338,26.0,5,4,5,0,0,3,0,5.8,5.8,4.1,9.9,4468ec10
101,Diego Llorente,es ESP,DF,Leeds United,27,1993,28,28,2340,26.0,3,0,3,0,0,7,0,1.3,1.3,0.1,1.4,bba30585
102,James Maddison,eng ENG,MFFW,Leicester City,24,1996,35,28,2459,27.3,12,8,12,0,0,3,0,8.8,8.8,5.4,14.1,ee38d9c5
103,Harry Maguire,eng ENG,DF,Manchester Utd,28,1993,30,28,2515,27.9,1,0,1,0,0,9,1,2.4,2.4,0.2,2.6,d8931174
104,Scott McTominay,sct SCO,MF,Manchester Utd,24,1996,30,28,2387,26.5,1,1,1,0,0,9,0,1.8,1.8,2.2,4.0,d93c2511
105,Richarlison,br BRA,FWMF,Everton,24,1997,30,28,2523,28.0,10,5,7,3,3,9,0,10.0,7.7,4.3,12.0,fa031b34
106,Thiago Silva,br BRA,DF,Chelsea,36,1984,32,28,2650,29.4,3,0,3,0,0,2,0,1.3,1.3,0.4,1.7,86e7deaf
107,Çağlar Söyüncü,tr TUR,DF,Leicester City,25,1996,28,28,2497,27.7,1,0,1,0,0,5,0,1.1,1.1,0.1,1.3,21166ff4
108,Craig Cathcart,nir NIR,DF,Watford,32,1989,31,27,2396,26.6,0,1,0,0,0,3,0,0.2,0.2,1.1,1.3,89e4b358
109,Rúben Dias,pt POR,DF,Manchester City,24,1997,29,27,2402,26.7,2,4,2,0,0,5,0,2.7,2.7,3.1,5.7,31c69ef1
110,Vitaly Janelt,de GER,MF,Brentford,23,1998,31,27,2298,25.5,4,0,4,0,0,3,0,3.0,3.0,2.1,5.1,8449d35e
111,Diogo Jota,pt POR,FW,Liverpool,24,1996,35,27,2364,26.3,15,4,15,0,0,3,0,16.9,16.9,5.6,22.4,178ae8f8
112,Joshua King,no NOR,FWMF,Watford,29,1992,32,27,2248,25.0,5,3,4,1,1,5,0,9.4,8.6,3.9,12.5,43458538
113,Pierre Lees-Melou,fr FRA,MF,Norwich City,28,1993,33,27,2265,25.2,1,0,1,0,0,5,0,1.7,1.7,1.9,3.6,f5044e54
114,Mason Mount,eng ENG,MF,Chelsea,22,1999,32,27,2363,26.3,11,10,10,1,1,4,0,8.8,8.0,7.6,15.7,9674002f
115,Rodrigo,es ESP,MFFW,Leeds United,30,1991,31,27,2265,25.2,6,1,5,1,1,9,0,4.6,3.8,4.3,8.1,1fb1c435
116,Cristiano Ronaldo,pt POR,FW,Manchester Utd,36,1985,30,27,2456,27.3,18,3,15,3,3,8,0,17.9,15.6,3.2,18.7,dea698d9
117,Joel Ward,eng ENG,DF,Crystal Palace,31,1989,28,27,2487,27.6,0,0,0,0,0,8,0,0.5,0.5,0.5,1.0,8a7ff278
118,Granit Xhaka,ch SUI,MFDF,Arsenal,28,1992,27,27,2327,25.9,1,2,1,0,0,10,1,1.7,1.7,3.1,4.8,e61b8aee
119,Luke Ayling,eng ENG,DF,Leeds United,29,1991,26,26,2272,25.2,2,2,2,0,0,4,1,1.6,1.6,2.0,3.6,420d7c7d
120,Saïd Benrahma,dz ALG,MF,West Ham,25,1995,32,26,2168,24.1,8,6,8,0,0,0,0,6.0,6.0,4.5,10.5,5a04fd92
121,Martin Dúbravka,sk SVK,GK,Newcastle Utd,32,1989,26,26,2340,26.0,0,0,0,0,0,1,0,0.0,0.0,0.1,0.1,3a949a25
122,Emerson,br BRA,DFMF,Tottenham,22,1999,31,26,2286,25.4,1,1,1,0,0,5,0,1.8,1.8,3.0,4.8,df8b52a5
123,Fabinho,br BRA,MF,Liverpool,27,1993,29,26,2314,25.7,5,1,3,2,2,7,0,4.0,2.5,1.6,4.0,7f3b388c
124,Kiko Femenía,es ESP,DF,Watford,30,1991,27,26,2142,23.8,0,5,0,0,0,2,0,0.2,0.2,3.2,3.4,e5d01ecf
125,Ben Foster,eng ENG,GK,Watford,38,1983,26,26,2340,26.0,0,1,0,0,0,0,0,0.0,0.0,0.0,0.0,d0b3ceb9
126,Jorginho,it ITA,MF,Chelsea,29,1991,29,26,2273,25.3,6,2,0,6,7,5,0,6.0,0.5,2.4,2.8,45db685d
127,Mateusz Klich,pl POL,MF,Leeds United,31,1990,33,26,2073,23.0,1,2,1,0,0,5,0,3.8,3.8,2.3,6.0,282679b4
128,Victor Lindelöf,se SWE,DF,Manchester Utd,27,1994,28,26,2355,26.2,0,2,0,0,0,4,0,0.2,0.2,1.1,1.4,f5deef4c
129,Ashley Westwood,eng ENG,MF,Burnley,31,1990,27,26,2287,25.4,0,3,0,0,0,7,0,0.8,0.8,4.7,5.5,495945ef
130,Allan,br BRA,MF,Everton,30,1991,28,25,2183,24.3,0,2,0,0,0,7,1,0.3,0.3,1.1,1.4,cc700722
131,Marcos Alonso,es ESP,DF,Chelsea,30,1990,28,25,2167,24.1,4,4,4,0,0,8,0,3.6,3.6,5.2,8.8,f4290206
132,Yves Bissouma,ml MLI,MF,Brighton,24,1996,26,25,2111,23.5,1,2,1,0,0,10,0,1.3,1.3,0.8,2.1,6c203af0
133,Sergi Canós,es ESP,DFFW,Brentford,24,1997,31,25,2083,23.1,3,2,3,0,0,8,1,3.4,3.4,1.9,5.3,1137759d
134,Vladimír Coufal,cz CZE,DF,West Ham,28,1992,28,25,2209,24.5,0,4,0,0,0,5,1,1.0,1.0,2.9,3.9,fdf3cb77
135,Kevin De Bruyne,be BEL,MF,Manchester City,30,1991,30,25,2201,24.5,15,8,15,0,0,2,0,6.2,6.2,10.3,16.5,e46012d4
136,Anthony Gordon,eng ENG,MFFW,Everton,20,2001,35,25,2285,25.4,4,2,4,0,0,4,0,4.8,4.8,3.9,8.7,2bd83368
137,Valentino Livramento,eng ENG,DF,Southampton,18,2002,28,25,2202,24.5,1,1,1,0,0,2,0,1.3,1.3,2.8,4.0,afed6722
138,Neal Maupay,fr FRA,FW,Brighton,24,1996,32,25,2276,25.3,8,2,7,1,2,7,0,9.7,8.1,2.9,11.0,4bcf39f6
139,Milot Rashica,xk KVX,MFFW,Norwich City,25,1996,31,25,2229,24.8,1,2,1,0,0,0,0,3.1,3.1,2.5,5.6,6c6a3300
140,Fabian Schär,ch SUI,DF,Newcastle Utd,29,1991,25,25,2158,24.0,2,2,2,0,0,4,0,1.5,1.5,1.2,2.6,c8aa95da
141,Nélson Semedo,pt POR,MFDF,Wolves,27,1993,25,25,2131,23.7,0,1,0,0,0,1,0,1.6,1.6,2.2,3.9,d04b94db
142,César Azpilicueta,es ESP,DF,Chelsea,31,1989,27,24,2070,23.0,1,2,1,0,0,3,0,1.2,1.2,2.1,3.2,53cad200
143,Harvey Barnes,eng ENG,MFFW,Leicester City,23,1997,32,24,2101,23.3,6,10,6,0,0,2,0,6.5,6.5,4.9,11.3,3ea50f67
144,Phil Foden,eng ENG,FWMF,Manchester City,21,2000,28,24,2128,23.6,9,5,9,0,0,1,0,10.0,10.0,6.5,16.5,ed1e53f3
145,Fred,br BRA,MF,Manchester Utd,28,1993,28,24,2028,22.5,4,4,4,0,0,5,0,1.4,1.4,2.2,3.6,b853e0ad
146,Pascal Groß,de GER,MFDF,Brighton,30,1991,29,24,2038,22.6,2,4,2,0,1,1,0,3.1,2.3,6.7,9.0,8aec0537
147,David Raya,es ESP,GK,Brentford,25,1995,24,24,2160,24.0,0,0,0,0,0,1,0,0.0,0.0,0.0,0.0,98ea5115
148,Joe Willock,eng ENG,MF,Newcastle Utd,21,1999,29,24,2038,22.6,2,0,2,0,0,0,0,3.8,3.8,1.6,5.4,a3b03921
149,Kurt Zouma,fr FRA,DF,West Ham,26,1994,24,24,2078,23.1,1,0,1,0,0,1,0,0.9,0.9,0.1,1.0,ce4246f5
150,Che Adams,sct SCO,FW,Southampton,25,1996,30,23,2039,22.7,7,3,7,0,0,0,0,7.7,7.7,3.2,10.9,f2bf1b0f
151,Kristoffer Ajer,no NOR,DF,Brentford,23,1998,24,23,1995,22.2,1,3,1,0,0,5,0,0.8,0.8,2.2,3.1,a8c0acb7
152,Daniel Amartey,gh GHA,DF,Leicester City,26,1994,28,23,2123,23.6,0,0,0,0,0,4,0,0.0,0.0,0.3,0.3,1a4ef233
153,Jordan Ayew,gh GHA,FWMF,Crystal Palace,29,1991,31,23,2019,22.4,3,3,3,0,0,2,0,4.0,4.0,3.6,7.6,da052c14
154,Kiernan Dewsbury-Hall,eng ENG,MF,Leicester City,22,1998,28,23,2105,23.4,1,2,1,0,0,4,0,1.6,1.6,3.3,4.9,5c74c0f5
155,Mohamed Elyounoussi,no NOR,MFFW,Southampton,26,1994,30,23,2042,22.7,4,2,4,0,0,4,0,6.1,6.1,3.0,9.0,68dc0dac
156,Ben Godfrey,eng ENG,DF,Everton,23,1998,23,23,2029,22.5,0,0,0,0,0,6,0,1.4,1.4,1.0,2.5,9f7c837d
157,Mason Holgate,eng ENG,DF,Everton,24,1996,25,23,2134,23.7,2,1,2,0,0,7,1,1.0,1.0,0.1,1.2,d0042ab9
158,Cheikhou Kouyaté,sn SEN,MF,Crystal Palace,31,1989,27,23,1974,21.9,0,1,0,0,0,3,0,0.5,0.5,0.8,1.3,8d3c902d
159,Thomas Partey,gh GHA,MF,Arsenal,28,1993,24,23,2028,22.5,2,1,2,0,0,6,0,3.3,3.3,1.6,4.9,529f49ab
160,Raheem Sterling,eng ENG,FWMF,Manchester City,26,1994,30,23,2128,23.6,13,5,11,2,3,1,0,14.4,11.9,5.8,17.7,b400bde0
161,Brandon Williams,eng ENG,DF,Norwich City,20,2000,26,23,2120,23.6,0,1,0,0,0,8,0,0.2,0.2,2.1,2.3,5e74d6c8
162,Emi Buendía,ar ARG,MFFW,Aston Villa,24,1996,35,22,1899,21.1,4,6,4,0,0,1,0,3.5,3.5,6.6,10.1,66b76d44
163,Timothy Castagne,be BEL,DF,Leicester City,25,1995,27,22,2127,23.6,1,0,1,0,0,1,0,0.9,0.9,1.6,2.4,197640fd
164,Jack Grealish,eng ENG,FWMF,Manchester City,25,1995,26,22,1914,21.3,3,3,3,0,0,3,0,5.9,5.9,7.2,13.1,b0b4fd3e
165,Kai Havertz,de GER,FWMF,Chelsea,22,1999,29,22,1809,20.1,8,3,8,0,0,3,0,9.5,9.5,2.9,12.4,fed7cb61
166,Danny Ings,eng ENG,FW,Aston Villa,29,1992,30,22,1898,21.1,7,6,6,1,1,4,0,7.6,6.8,1.4,8.2,07802f7f
167,Alex Iwobi,ng NGA,MFDF,Everton,25,1996,28,22,2035,22.6,2,2,2,0,0,1,0,2.7,2.7,3.2,5.9,6ca5ec4b
168,Reece James,eng ENG,DF,Chelsea,21,1999,26,22,1864,20.7,5,9,5,0,0,4,1,3.5,3.5,6.6,10.1,1265a93a
169,Juraj Kucka,sk SVK,MF,Watford,34,1987,26,22,1920,21.3,1,1,1,0,0,5,1,4.1,4.1,1.2,5.4,5aaef9ef
170,Jamaal Lascelles,eng ENG,DF,Newcastle Utd,27,1993,26,22,2058,22.9,1,0,1,0,0,5,0,1.2,1.2,0.5,1.7,450ab6fc
171,Alexis Mac Allister,ar ARG,MF,Brighton,22,1998,33,22,2123,23.6,5,2,3,2,3,4,0,6.9,4.5,2.7,7.2,83d074ff
172,Sergio Reguilón,es ESP,DFMF,Tottenham,24,1996,25,22,1916,21.3,2,3,2,0,0,4,0,3.1,3.1,3.4,6.5,3353737a
173,Jonjo Shelvey,eng ENG,MF,Newcastle Utd,29,1992,24,22,1983,22.0,2,1,2,0,0,7,1,1.4,1.4,1.4,2.7,3727dd3c
174,Pascal Struijk,nl NED,DFMF,Leeds United,21,1999,29,22,2055,22.8,1,0,1,0,0,6,1,1.6,1.6,0.5,2.1,f4d296e4
175,Kieran Tierney,sct SCO,DF,Arsenal,24,1997,22,22,1915,21.3,1,3,1,0,0,0,0,0.9,0.9,2.0,2.9,fce2302c
176,Armando Broja,al ALB,FW,Southampton,19,2001,32,21,1975,21.9,6,0,6,0,0,2,0,6.1,6.1,1.0,7.1,97220da2
177,Liam Cooper,sct SCO,DF,Leeds United,29,1991,21,21,1814,20.2,0,1,0,0,0,5,0,0.4,0.4,0.2,0.6,dc64b8b3
178,Maxwel Cornet,ci CIV,FWMF,Burnley,24,1996,26,21,1766,19.6,9,1,9,0,1,2,0,6.6,6.3,1.8,8.1,beb391dd
179,Leander Dendoncker,be BEL,MF,Wolves,26,1995,30,21,1950,21.7,2,2,2,0,0,4,0,2.9,2.9,1.3,4.1,5a7301ae
180,Billy Gilmour,sct SCO,MF,Norwich City,20,2001,24,21,1855,20.6,0,1,0,0,0,2,0,1.0,1.0,1.7,2.7,df10e27c
181,Gabriel Jesus,br BRA,FW,Manchester City,24,1997,28,21,1877,20.9,8,8,7,1,1,1,0,10.8,10.0,6.0,16.0,b66315ae
182,N'Golo Kanté,fr FRA,MF,Chelsea,30,1991,26,21,1773,19.7,2,4,2,0,0,2,0,2.3,2.3,2.5,4.8,b9fbae28
183,Martinelli,br BRA,MFFW,Arsenal,20,2001,29,21,1860,20.7,6,6,5,1,1,3,1,8.3,7.6,4.7,12.3,48a5a5d6
184,Ben Mee,eng ENG,DF,Burnley,31,1989,21,21,1839,20.4,3,0,3,0,0,3,0,2.5,2.5,1.2,3.8,8df7a2fb
185,Cristian Romero,ar ARG,DF,Tottenham,23,1998,22,21,1844,20.5,1,0,1,0,0,8,0,0.6,0.6,0.3,0.9,a3d94a58
186,Ismaila Sarr,sn SEN,MFFW,Watford,23,1998,22,21,1861,20.7,5,2,5,0,1,2,0,5.7,4.9,3.1,7.9,bfdb33aa
187,Emile Smith Rowe,eng ENG,MF,Arsenal,21,2000,33,21,1921,21.3,10,2,10,0,0,1,0,6.5,6.5,2.3,8.7,17695062
188,Luke Thomas,eng ENG,DF,Leicester City,20,2001,22,21,1912,21.2,0,1,0,0,0,2,0,0.2,0.2,1.6,1.8,fc027d02
189,Rayan Aït Nouri,fr FRA,DFMF,Wolves,20,2001,23,20,1828,20.3,1,2,1,0,0,4,0,0.8,0.8,1.4,2.2,9b398aea
190,Tom Cleverley,eng ENG,MF,Watford,31,1989,28,20,1616,18.0,0,2,0,0,0,2,0,0.9,0.9,2.2,3.1,6cdd8245
191,Jack Cork,eng ENG,MF,Burnley,32,1989,20,20,1670,18.6,1,0,1,0,0,4,0,0.8,0.8,0.4,1.2,74e12f1e
192,İlkay Gündoğan,de GER,MF,Manchester City,30,1990,27,20,1857,20.6,8,4,8,0,0,1,0,10.3,10.3,5.1,15.5,819b3158
193,Hwang Hee-chan,kr KOR,FWMF,Wolves,25,1996,30,20,1816,20.2,5,1,5,0,0,2,0,4.6,4.6,1.6,6.2,169fd162
194,Alexandre Lacazette,fr FRA,FW,Arsenal,30,1991,30,20,1782,19.8,4,7,2,2,3,0,0,9.2,6.8,3.5,10.3,9dbb75ca
195,Matthew Lowton,eng ENG,DF,Burnley,32,1989,25,20,1772,19.7,1,2,1,0,0,3,1,0.7,0.7,2.6,3.3,9a9c05db
196,Mathias Normann,no NOR,MF,Norwich City,25,1996,23,20,1645,18.3,1,2,1,0,0,6,0,1.0,1.0,2.2,3.2,8996350d
197,Nathan Redmond,eng ENG,MFFW,Southampton,27,1994,27,20,1833,20.4,1,5,1,0,0,0,0,2.1,2.1,4.0,6.1,ab651565
198,Jadon Sancho,eng ENG,MFFW,Manchester Utd,21,2000,29,20,1900,21.1,3,3,3,0,0,0,0,4.0,4.0,4.9,8.9,dbf053da
199,Jeffrey Schlupp,gh GHA,MFFW,Crystal Palace,28,1992,32,20,1851,20.6,4,1,4,0,0,1,0,3.9,3.9,2.1,6.0,3312f911
200,Takehiro Tomiyasu,jp JPN,DF,Arsenal,22,1998,21,20,1679,18.7,0,1,0,0,0,2,0,0.8,0.8,1.2,1.9,b3af9be1
201,Raphaël Varane,fr FRA,DF,Manchester Utd,28,1993,22,20,1831,20.3,1,1,1,0,0,0,0,0.9,0.9,0.2,1.1,9f8e9423
202,Jamie Vardy,eng ENG,FW,Leicester City,34,1987,25,20,1806,20.1,15,2,15,0,0,2,0,10.3,10.3,1.9,12.2,45963054
203,Kyle Walker,eng ENG,DF,Manchester City,31,1990,20,20,1755,19.5,0,2,0,0,0,1,0,0.4,0.4,1.5,2.0,86dd77d1
204,Aaron Wan-Bissaka,eng ENG,DF,Manchester Utd,23,1997,20,20,1793,19.9,0,0,0,0,0,2,0,0.5,0.5,1.0,1.6,9e525177
205,Miguel Almirón,py PAR,MFFW,Newcastle Utd,27,1994,30,19,1716,19.1,1,0,1,0,0,2,0,2.5,2.5,1.3,3.8,862a1c15
206,Diogo Dalot,pt POR,DF,Manchester Utd,22,1999,24,19,1801,20.0,0,0,0,0,0,4,0,0.7,0.7,1.3,2.0,d9565625
207,Junior Firpo,es ESP,DFMF,Leeds United,24,1996,24,19,1711,19.0,0,2,0,0,0,11,0,1.1,1.1,2.5,3.5,24f59bb2
208,Fraser Forster,eng ENG,GK,Southampton,33,1988,19,19,1710,19.0,0,0,0,0,0,1,0,0.0,0.0,0.0,0.0,c3e39f12
209,Mathias Jensen,dk DEN,MF,Brentford,25,1996,31,19,1601,17.8,0,1,0,0,0,0,0,2.9,2.9,3.7,6.5,0f134faf
210,Manuel Lanzini,ar ARG,MF,West Ham,28,1993,30,19,1786,19.8,5,3,2,3,3,2,0,3.8,1.4,2.7,4.1,26f6dca8
211,Jakub Moder,pl POL,MF,Brighton,22,1999,28,19,1701,18.9,0,3,0,0,0,1,0,3.1,3.1,2.5,5.6,f230bc30
212,Lucas Moura,br BRA,MFFW,Tottenham,28,1992,34,19,1775,19.7,2,6,2,0,0,4,0,3.9,3.9,4.6,8.6,2b622f01
213,Connor Roberts,wls WAL,DF,Burnley,25,1995,21,19,1692,18.8,1,1,1,0,0,2,0,0.5,0.5,1.6,2.0,24fae784
214,Samir Santos,br BRA,DF,Watford,26,1994,19,19,1673,18.6,0,0,0,0,0,4,0,0.6,0.6,0.1,0.7,92b4758e
215,Luke Shaw,eng ENG,DF,Manchester Utd,26,1995,20,19,1601,17.8,0,3,0,0,0,8,0,0.3,0.3,4.1,4.4,9c94165b
216,Nathan Collins,ie IRL,DF,Burnley,20,2001,19,18,1670,18.6,2,0,2,0,0,2,1,1.8,1.8,1.5,3.3,a8c19eb8
217,Odsonne Édouard,fr FRA,FWMF,Crystal Palace,23,1998,28,18,1564,17.4,6,3,5,1,1,4,0,7.1,6.3,2.3,8.6,0562b7f1
218,Ryan Fraser,sct SCO,FWMF,Newcastle Utd,27,1994,27,18,1465,16.3,2,3,2,0,0,3,0,3.2,3.2,2.6,5.7,d56543a0
219,Hassane Kamara,ci CIV,DF,Watford,27,1994,19,18,1623,18.0,1,0,1,0,0,5,1,0.3,0.3,0.7,1.0,19a12bed
220,Emil Krafth,se SWE,DF,Newcastle Utd,26,1994,20,18,1634,18.2,0,1,0,0,0,5,0,0.5,0.5,0.8,1.3,77cf6852
221,Adam Lallana,eng ENG,MF,Brighton,33,1988,24,18,1561,17.3,0,1,0,0,0,4,0,1.4,1.4,0.8,2.2,99813635
222,Wilfred Ndidi,ng NGA,MFDF,Leicester City,24,1996,19,18,1618,18.0,0,0,0,0,0,4,0,1.1,1.1,0.1,1.2,6b47c5db
223,Romain Perraud,fr FRA,DF,Southampton,23,1997,20,18,1623,18.0,0,1,0,0,0,3,0,0.8,0.8,0.5,1.3,6dfd8f05
224,Kalvin Phillips,eng ENG,MF,Leeds United,25,1995,20,18,1596,17.7,0,1,0,0,0,4,0,1.1,1.1,1.0,2.0,4f565d77
225,Josh Sargent,us USA,FWMF,Norwich City,21,2000,26,18,1572,17.5,2,1,2,0,0,1,0,2.7,2.7,0.9,3.6,a8d4428b
226,Alex Telles,br BRA,DF,Manchester Utd,28,1992,21,18,1660,18.4,0,4,0,0,0,1,0,0.5,0.5,2.5,3.0,e73c9bb2
227,Thiago Alcántara,es ESP,MF,Liverpool,30,1991,25,17,1534,17.0,1,4,1,0,0,2,0,2.3,2.3,2.5,4.8,77e84962
228,Adam Armstrong,eng ENG,FW,Southampton,24,1997,23,17,1413,15.7,2,2,2,0,0,1,0,4.9,4.9,2.1,7.0,68c720b5
229,Trevoh Chalobah,eng ENG,DF,Chelsea,22,1999,20,17,1449,16.1,3,1,3,0,0,2,0,1.3,1.3,0.4,1.7,5515376c
230,Andreas Christensen,dk DEN,DF,Chelsea,25,1996,19,17,1496,16.6,0,0,0,0,0,2,0,0.4,0.4,0.3,0.7,1cb49278
231,Adam Forshaw,eng ENG,MF,Leeds United,29,1991,22,17,1530,17.0,0,1,0,0,0,5,0,0.6,0.6,1.1,1.7,9f1938ab
232,Robin Koch,de GER,MFDF,Leeds United,25,1996,20,17,1574,17.5,0,0,0,0,0,3,0,1.0,1.0,0.4,1.5,ea6bc03a
233,Aaron Lennon,eng ENG,MFFW,Burnley,34,1987,28,17,1551,17.2,2,0,2,0,0,2,0,1.3,1.3,0.8,2.1,2ff964a0
234,Imran Louza,ma MAR,MF,Watford,22,1999,20,17,1416,15.7,0,0,0,0,0,6,0,1.2,1.2,1.2,2.4,e1df6989
235,Fernando Marçal,br BRA,MFDF,Wolves,32,1989,18,17,1449,16.1,0,0,0,0,0,3,0,0.7,0.7,0.7,1.3,9ae9eaea
236,Solly March,eng ENG,DFMF,Brighton,27,1994,31,17,1746,19.4,0,2,0,0,0,1,0,1.3,1.3,2.8,4.1,bb5fbd2b
237,Alex McCarthy,eng ENG,GK,Southampton,31,1989,17,17,1530,17.0,0,0,0,0,0,1,0,0.0,0.0,0.1,0.1,36c2ca73
238,Davinson Sánchez,co COL,DF,Tottenham,25,1996,23,17,1631,18.1,2,0,2,0,0,4,0,2.1,2.1,0.3,2.4,da7b447d
239,Matt Targett,eng ENG,DF,Aston Villa,25,1995,17,17,1431,15.9,1,1,1,0,0,2,0,0.8,0.8,1.8,2.7,e514ab62
240,Andros Townsend,eng ENG,MFFW,Everton,30,1991,21,17,1455,16.2,3,2,2,1,1,3,0,2.4,1.7,3.8,5.5,b28bbd58
241,Wout Weghorst,nl NED,FW,Burnley,28,1992,20,17,1450,16.1,2,3,2,0,0,3,0,5.1,5.1,1.7,6.9,c4e87b8b
242,Chris Wood,nz NZL,FW,Burnley,29,1991,17,17,1367,15.2,3,0,3,0,0,1,0,4.7,4.7,0.6,5.3,4e9a0555
243,Rodrigo Bentancur,uy URU,MF,Tottenham,24,1997,17,16,1361,15.1,0,4,0,0,0,5,0,1.1,1.1,3.0,4.1,3b8674e6
244,Dan Burn,eng ENG,DF,Newcastle Utd,29,1992,16,16,1440,16.0,0,1,0,0,0,4,0,0.9,0.9,0.4,1.3,b2d31e83
245,Philippe Coutinho,br BRA,MFFW,Aston Villa,29,1992,19,16,1329,14.8,5,3,5,0,0,0,0,4.1,4.1,3.4,7.5,0ef89a37
246,Lucas Digne,fr FRA,DF,Aston Villa,28,1993,16,16,1269,14.1,0,4,0,0,0,2,0,0.6,0.6,2.8,3.3,1b84dbe1
247,Jonny Evans,nir NIR,DF,Leicester City,33,1988,18,16,1348,15.0,1,1,1,0,0,3,0,0.7,0.7,1.0,1.7,f8fcd2a5
248,Mason Greenwood,eng ENG,MFFW,Manchester Utd,19,2001,18,16,1271,14.1,5,1,5,0,0,1,0,4.9,4.9,1.9,6.9,58eee997
249,Ben Johnson,eng ENG,DF,West Ham,21,2000,20,16,1397,15.5,1,0,1,0,0,1,0,0.3,0.3,0.8,1.0,9319781b
250,Mateo Kovačić,hr CRO,MF,Chelsea,27,1994,25,16,1558,17.3,2,5,2,0,0,4,0,2.3,2.3,3.3,5.5,79c0821a
251,Tariq Lamptey,gh GHA,DFMF,Brighton,20,2000,30,16,1561,17.3,0,2,0,0,0,4,0,1.1,1.1,2.5,3.6,f4e433d4
252,Ademola Lookman,ng NGA,MFFW,Leicester City,23,1997,26,16,1453,16.1,6,0,6,0,0,2,0,4.9,4.9,2.4,7.3,7c104bb7
253,Romelu Lukaku,be BEL,FW,Chelsea,28,1993,26,16,1589,17.7,8,0,7,1,1,1,0,7.0,6.2,3.4,9.6,5eae500a
254,Nemanja Matić,rs SRB,MF,Manchester Utd,32,1988,23,16,1382,15.4,0,4,0,0,0,3,0,0.3,0.3,2.1,2.4,eb7822d7
255,Paul Pogba,fr FRA,MF,Manchester Utd,28,1993,20,16,1349,15.0,1,9,1,0,0,7,1,2.8,2.8,4.0,6.8,867239d3
256,Cédric Soares,pt POR,DF,Arsenal,29,1991,21,16,1486,16.5,1,1,1,0,0,3,0,0.7,0.7,1.7,2.4,839c14e1
257,Matt Targett,eng ENG,DF,Newcastle Utd,25,1995,16,16,1440,16.0,0,0,0,0,0,1,0,0.4,0.4,2.2,2.6,e514ab62
258,Francisco Trincão,pt POR,FWMF,Wolves,21,1999,28,16,1336,14.8,2,1,2,0,0,0,0,3.9,3.9,1.6,5.5,77e39b04
259,Adam Webster,eng ENG,DF,Brighton,26,1995,22,16,1434,15.9,2,0,2,0,0,5,0,1.0,1.0,0.1,1.2,c40b6180
260,Callum Wilson,eng ENG,FW,Newcastle Utd,29,1992,18,16,1386,15.4,8,0,6,2,2,4,0,6.3,4.7,0.6,5.4,c596fcb0
261,Stuart Armstrong,sct SCO,MF,Southampton,29,1992,25,15,1473,16.4,2,0,2,0,0,1,0,3.3,3.3,1.9,5.2,97333cf5
262,Dominic Calvert-Lewin,eng ENG,FW,Everton,24,1997,17,15,1283,14.3,5,2,3,2,3,2,0,6.5,4.2,1.5,5.7,59e6e5bf
263,Nathaniel Clyne,eng ENG,DF,Crystal Palace,30,1991,16,15,1351,15.0,0,1,0,0,0,1,0,0.1,0.1,0.6,0.7,0442183b
264,Shane Duffy,ie IRL,DF,Brighton,29,1992,18,15,1436,16.0,1,0,1,0,0,7,0,1.8,1.8,0.2,2.1,7314bba4
265,João Pedro,br BRA,FWMF,Watford,19,2001,28,15,1644,18.3,3,1,3,0,0,1,0,4.7,4.7,3.2,7.9,e8832875
266,Sean Longstaff,eng ENG,MF,Newcastle Utd,23,1997,24,15,1464,16.3,1,1,1,0,0,1,0,0.8,0.8,0.8,1.6,a2b105e0
267,Riyad Mahrez,dz ALG,FWMF,Manchester City,30,1991,28,15,1498,16.6,11,5,7,4,5,0,0,11.1,7.1,4.5,11.6,892d5bb1
268,Javier Manquillo,es ESP,DF,Newcastle Utd,27,1994,19,15,1257,14.0,1,2,1,0,0,5,0,0.4,0.4,0.3,0.6,758dd7f0
269,James McArthur,sct SCO,MF,Crystal Palace,33,1987,21,15,1439,16.0,0,3,0,0,0,4,0,0.4,0.4,1.6,2.1,cee31595
270,Daniel Podence,pt POR,FWMF,Wolves,25,1995,26,15,1484,16.5,2,3,2,0,0,2,0,2.7,2.7,4.5,7.2,7fcc71d8
271,William Troost-Ekong,ng NGA,DF,Watford,27,1993,17,15,1390,15.4,0,0,0,0,0,3,0,0.2,0.2,0.0,0.2,7ed4921e
272,Danny Welbeck,eng ENG,FWMF,Brighton,30,1990,25,15,1478,16.4,6,2,6,0,0,0,0,7.3,7.3,1.5,8.8,ce5143da
273,Timo Werner,de GER,FWMF,Chelsea,25,1996,21,15,1283,14.3,4,1,4,0,0,1,0,7.1,7.1,0.5,7.6,49fe9070
274,Chris Wood,nz NZL,FW,Newcastle Utd,29,1991,17,15,1327,14.7,2,0,1,1,1,0,0,3.4,2.6,1.2,3.8,4e9a0555
275,Anthony Elanga,se SWE,MFFW,Manchester Utd,19,2002,21,14,1214,13.5,2,2,2,0,0,0,0,2.7,2.7,2.5,5.2,2fba6108
276,Dimitris Giannoulis,gr GRE,DF,Norwich City,25,1995,18,14,1169,13.0,0,1,0,0,0,2,0,0.1,0.1,0.7,0.8,112c495e
277,Naby Keïta,gn GUI,MF,Liverpool,26,1995,23,14,1173,13.0,3,1,3,0,0,3,0,2.1,2.1,2.0,4.1,f25c8e3a
278,Dejan Kulusevski,se SWE,MFFW,Tottenham,21,2000,18,14,1261,14.0,5,8,5,0,0,3,0,3.6,3.6,3.8,7.4,df3cda47
279,Matt Ritchie,sct SCO,DF,Newcastle Utd,31,1989,18,14,1337,14.9,0,2,0,0,0,5,0,1.0,1.0,2.7,3.7,71ef519e
280,Oliver Skipp,eng ENG,MF,Tottenham,20,2000,18,14,1350,15.0,0,0,0,0,0,6,0,0.3,0.3,1.0,1.2,6250083a
281,Hakim Ziyech,ma MAR,MFFW,Chelsea,28,1993,23,14,1319,14.7,4,3,4,0,0,3,0,4.1,4.1,3.4,7.5,6622454d
282,Jóhann Berg Guðmundsson,is ISL,MF,Burnley,30,1990,18,13,1102,12.2,0,1,0,0,0,2,0,1.8,1.8,0.5,2.4,f72293fc
283,Patson Daka,zm ZAM,FW,Leicester City,22,1998,23,13,1159,12.9,5,3,5,0,0,2,0,4.2,4.2,2.3,6.5,ca45605e
284,Lucas Digne,fr FRA,DF,Everton,28,1993,13,13,1170,13.0,0,0,0,0,0,4,0,0.4,0.4,1.8,2.2,1b84dbe1
285,Will Hughes,eng ENG,MF,Crystal Palace,26,1995,16,13,1053,11.7,0,1,0,0,0,6,0,0.2,0.2,0.9,1.1,a0666d3e
286,Kelechi Iheanacho,ng NGA,FW,Leicester City,24,1996,26,13,1264,14.0,4,5,4,0,0,1,0,3.5,3.5,2.3,5.8,c92e1a31
287,Ruben Loftus-Cheek,eng ENG,MFDF,Chelsea,25,1996,24,13,1394,15.5,0,2,0,0,0,1,0,1.8,1.8,2.7,4.5,e97fd090
288,Adam Masina,ma MAR,DF,Watford,27,1994,15,13,1077,12.0,0,1,0,0,0,0,0,0.4,0.4,1.0,1.4,de0f152c
289,Jean-Philippe Mateta,fr FRA,FW,Crystal Palace,24,1997,22,13,1145,12.7,5,1,5,0,0,2,0,6.3,6.3,1.2,7.5,50e6dc35
290,Jacob Murphy,eng ENG,FWDF,Newcastle Utd,26,1995,33,13,1473,16.4,1,2,1,0,0,4,0,2.7,2.7,2.9,5.5,de112b84
291,Ricardo Pereira,pt POR,DF,Leicester City,27,1993,14,13,991,11.0,1,3,1,0,0,3,0,0.9,0.9,1.4,2.3,75a72a99
292,Christian Pulisic,us USA,MFFW,Chelsea,22,1998,22,13,1290,14.3,6,2,6,0,0,2,0,4.4,4.4,1.9,6.3,1bf33a9a
293,Marcus Rashford,eng ENG,MFFW,Manchester Utd,23,1997,25,13,1235,13.7,4,2,4,0,0,2,0,3.1,3.1,2.0,5.1,a1d5bd30
294,Jay Rodriguez,eng ENG,FW,Burnley,32,1989,29,13,1382,15.4,2,2,2,0,0,3,0,5.6,5.6,1.6,7.2,4ab53cdb
295,Ryan Sessegnon,eng ENG,DFMF,Tottenham,21,2000,15,13,1047,11.6,0,2,0,0,0,2,0,0.5,0.5,2.9,3.4,6aa3e78b
296,Nuno Tavares,pt POR,DF,Arsenal,21,2000,22,13,1176,13.1,1,1,1,0,0,2,0,2.3,2.3,1.2,3.5,a65c844b
297,Pierre-Emerick Aubameyang,ga GAB,FW,Arsenal,32,1989,14,12,1037,11.5,4,1,4,0,2,3,0,6.6,4.9,1.1,6.0,d5dd5f1f
298,Daniel Bachmann,at AUT,GK,Watford,27,1994,12,12,1080,12.0,0,0,0,0,0,0,0,0.0,0.0,0.0,0.0,1c0eea98
299,Dan Burn,eng ENG,DF,Brighton,29,1992,13,12,1022,11.4,1,0,1,0,0,4,0,1.6,1.5,0.5,2.0,b2d31e83
300,Ciaran Clark,ie IRL,DF,Newcastle Utd,31,1989,13,12,1014,11.3,0,1,0,0,0,2,1,1.3,1.3,0.4,1.7,2b91cf8e
301,Álvaro Fernández,es ESP,GK,Brentford,23,1998,12,12,1080,12.0,0,0,0,0,0,0,0,0.0,0.0,0.0,0.0,f127d782
302,Isaac Hayden,eng ENG,MFDF,Newcastle Utd,26,1995,14,12,1002,11.1,1,0,1,0,0,5,0,0.5,0.5,0.1,0.6,c951a6df
303,Christian Kabasele,be BEL,DF,Watford,30,1991,16,12,1193,13.3,0,0,0,0,0,0,0,1.0,1.0,0.2,1.2,914ab9a1
304,Nampalys Mendy,sn SEN,MF,Leicester City,29,1992,14,12,1032,11.5,0,0,0,0,0,3,0,0.0,0.0,0.0,0.1,1598599e
305,Enock Mwepu,zm ZAM,MF,Brighton,23,1998,18,12,996,11.1,2,4,2,0,0,2,0,2.4,2.4,1.7,4.1,1d5cab82
306,Vitaliy Mykolenko,ua UKR,DF,Everton,22,1999,13,12,1055,11.7,1,0,1,0,0,0,0,0.7,0.7,0.9,1.6,30d4a2e5
307,Michael Olise,fr FRA,FWMF,Crystal Palace,19,2001,26,12,1141,12.7,2,5,2,0,0,4,0,2.0,2.0,4.1,6.1,c4486bac
308,Frank Onyeka,ng NGA,MF,Brentford,23,1998,20,12,1045,11.6,0,0,0,0,0,4,0,1.2,1.2,0.3,1.5,2944f86f
309,Mads Roerslev,dk DEN,DF,Brentford,22,1999,21,12,1240,13.8,1,1,1,0,0,1,0,0.5,0.5,0.6,1.1,57c94db2
310,Albert Sambi Lokonga,be BEL,MF,Arsenal,21,1999,19,12,1134,12.6,0,0,0,0,0,5,0,0.8,0.8,1.4,2.2,1b4f1169
311,Boubakary Soumaré,fr FRA,MF,Leicester City,22,1999,19,12,1102,12.2,0,1,0,0,0,0,0,0.5,0.5,0.4,0.9,ae59b359
312,John Stones,eng ENG,DF,Manchester City,27,1994,14,12,1119,12.4,1,0,1,0,0,0,0,1.1,1.1,0.3,1.4,5eecec3d
313,Yoane Wissa,cd COD,FW,Brentford,24,1996,30,12,1284,14.3,7,1,7,0,0,0,0,4.1,4.1,1.0,5.1,2500cef9
314,Marc Albrighton,eng ENG,MFDF,Leicester City,31,1989,17,11,1132,12.6,1,2,1,0,0,3,0,0.5,0.5,1.7,2.2,b827d5b3
315,Christian Benteke,be BEL,FW,Crystal Palace,30,1990,25,11,1145,12.7,4,1,4,0,0,3,0,5.6,5.6,1.5,7.1,ab070c55
316,Sam Byram,eng ENG,DF,Norwich City,27,1993,15,11,1027,11.4,0,0,0,0,0,3,0,0.8,0.8,0.4,1.1,1bf811d4
317,Cucho,co COL,MFFW,Watford,22,1999,25,11,1147,12.7,5,2,5,0,0,3,0,2.9,2.9,2.0,4.9,71b47ab9
318,Luis Díaz,co COL,FW,Liverpool,24,1997,13,11,958,10.6,4,3,4,0,0,0,0,4.4,4.4,3.0,7.4,4a1a9578
319,Kieran Dowell,eng ENG,MF,Norwich City,23,1997,19,11,912,10.1,1,1,1,0,0,0,0,1.2,1.2,1.5,2.8,2f6ec02a
320,Bruno Guimarães,br BRA,MF,Newcastle Utd,23,1997,17,11,1034,11.5,5,1,5,0,0,4,0,3.0,3.0,1.1,4.1,82518f62
321,Callum Hudson-Odoi,eng ENG,MFFW,Chelsea,20,2000,15,11,962,10.7,1,2,1,0,0,1,0,2.5,2.5,2.4,5.0,15f3ec41
322,James Justin,eng ENG,DF,Leicester City,23,1998,13,11,998,11.1,0,0,0,0,0,0,0,0.5,0.5,1.0,1.5,fb614c44
323,Ozan Kabak,tr TUR,DF,Norwich City,21,2000,11,11,922,10.2,0,0,0,0,0,2,0,0.3,0.3,0.0,0.4,2d61d13a
324,Jonjoe Kenny,eng ENG,DF,Everton,24,1997,15,11,1018,11.3,0,1,0,0,0,3,1,0.3,0.3,0.9,1.2,099e666f
325,Ibrahima Konaté,fr FRA,DF,Liverpool,22,1999,11,11,990,11.0,0,0,0,0,0,2,0,0.3,0.3,0.0,0.3,5ed9b537
326,Yerry Mina,co COL,DF,Everton,26,1994,13,11,846,9.4,0,0,0,0,0,3,0,0.4,0.4,0.0,0.4,6d5701f2
327,Angelo Ogbonna,it ITA,DF,West Ham,33,1988,11,11,921,10.2,1,0,1,0,0,1,0,0.4,0.4,0.0,0.4,74b2cd7e
328,Nathan Aké,nl NED,DF,Manchester City,26,1995,14,10,923,10.3,2,0,2,0,0,0,0,0.7,0.7,0.5,1.3,eaeca114
329,Willy Boly,ci CIV,DF,Wolves,30,1991,10,10,900,10.0,0,0,0,0,0,1,0,0.2,0.2,0.1,0.3,a4ac4b8f
330,Jonny Castro,es ESP,DF,Wolves,27,1994,13,10,1024,11.4,2,0,2,0,0,1,0,1.0,1.0,1.5,2.5,e28868f3
331,Ibrahima Diallo,fr FRA,MF,Southampton,22,1999,23,10,1023,11.4,0,2,0,0,0,1,0,0.6,0.6,1.3,1.9,11ff3d56
332,Issa Diop,fr FRA,DF,West Ham,24,1997,13,10,963,10.7,0,1,0,0,0,0,0,0.2,0.2,0.3,0.4,a712ca2b
333,Christian Eriksen,dk DEN,MF,Brentford,29,1992,11,10,939,10.4,1,4,1,0,0,1,0,1.4,1.4,3.8,5.2,980522ec
334,Fernandinho,br BRA,MFDF,Manchester City,36,1985,19,10,964,10.7,2,1,2,0,0,1,0,1.8,1.8,1.0,2.9,101da2b5
335,Roberto Firmino,br BRA,FW,Liverpool,29,1991,20,10,990,11.0,5,4,5,0,0,3,0,5.1,5.1,2.0,7.2,4c370d81
336,Curtis Jones,eng ENG,MF,Liverpool,20,2001,15,10,851,9.5,1,1,1,0,0,0,0,1.2,1.2,0.9,2.1,4fb9c88f
337,Marvelous Nakamba,zw ZIM,MF,Aston Villa,27,1994,16,10,904,10.0,0,0,0,0,0,5,0,0.0,0.0,0.1,0.1,de5b5570
338,Japhet Tanganga,eng ENG,DF,Tottenham,22,1999,11,10,735,8.2,0,0,0,0,0,4,1,0.6,0.6,0.3,0.9,e9971f2d
339,Nathan Tella,eng ENG,MFFW,Southampton,22,1999,14,10,804,8.9,0,1,0,0,0,2,0,0.8,0.8,0.8,1.6,f1e94cd6
340,Adama Traoré,es ESP,FWMF,Wolves,25,1996,20,10,1067,11.9,1,0,1,0,0,0,0,2.7,2.7,1.8,4.5,9a28eba4
341,Ashley Young,eng ENG,DFFW,Aston Villa,36,1985,24,10,1250,13.9,0,2,0,0,0,2,0,0.6,0.6,1.0,1.5,be927d03
342,Oleksandr Zinchenko,ua UKR,DF,Manchester City,24,1996,15,10,1047,11.6,0,4,0,0,0,0,0,0.6,0.6,2.5,3.1,51cf8561
343,Shandon Baptiste,gd GRN,MF,Brentford,23,1998,22,9,910,10.1,1,0,1,0,0,2,1,1.0,1.0,0.8,1.7,2886c9b5
344,Mads Bech Sørensen,dk DEN,DF,Brentford,22,1999,11,9,835,9.3,0,0,0,0,0,3,0,0.1,0.1,0.6,0.6,30db8574
345,Calum Chambers,eng ENG,DF,Aston Villa,26,1995,11,9,831,9.2,1,0,1,0,0,1,0,0.2,0.2,0.1,0.4,dc6f5bdd
346,Matt Doherty,ie IRL,DF,Tottenham,29,1992,15,9,875,9.7,2,4,2,0,0,0,0,2.7,2.7,2.5,5.1,d557d734
347,Angus Gunn,eng ENG,GK,Norwich City,25,1996,9,9,810,9.0,0,0,0,0,0,0,0,0.0,0.0,0.0,0.0,e082af5b
348,Rob Holding,eng ENG,DF,Arsenal,25,1995,15,9,845,9.4,1,0,1,0,0,4,1,0.4,0.4,0.0,0.4,d79a8c87
349,Edo Kayembe,cd COD,MF,Watford,23,1998,13,9,799,8.9,0,0,0,0,0,0,0,0.3,0.3,0.3,0.6,f99b71de
350,Lyanco,br BRA,DF,Southampton,24,1997,15,9,911,10.1,0,0,0,0,0,2,0,0.3,0.3,0.1,0.4,b5bf1770
351,Luka Milivojević,rs SRB,MF,Crystal Palace,30,1991,15,9,774,8.6,0,0,0,0,0,1,0,0.4,0.4,0.9,1.2,2ce2508a
352,James Milner,eng ENG,MFDF,Liverpool,35,1986,24,9,853,9.5,0,1,0,0,0,2,0,0.4,0.4,2.4,2.8,2f90f6b8
353,Jeremy Ngakia,eng ENG,DF,Watford,20,2000,16,9,903,10.0,0,0,0,0,0,0,0,0.1,0.1,0.6,0.8,3631ad41
354,Alex Oxlade-Chamberlain,eng ENG,MFFW,Liverpool,27,1993,17,9,785,8.7,2,1,2,0,0,0,0,1.4,1.4,1.1,2.5,38c7feef
355,Jack Stephens,eng ENG,DF,Southampton,27,1994,11,9,811,9.0,0,0,0,0,0,3,0,0.0,0.0,0.5,0.5,6adbc307
356,Kostas Tsimikas,gr GRE,DF,Liverpool,25,1996,13,9,877,9.7,0,2,0,0,0,3,0,0.8,0.8,2.8,3.7,f315ca93
357,Harry Winks,eng ENG,MF,Tottenham,25,1996,19,9,912,10.1,0,1,0,0,0,2,0,0.2,0.2,1.5,1.7,2f7acede
358,Dele Alli,eng ENG,MF,Tottenham,25,1996,10,8,657,7.3,1,0,0,1,1,1,0,1.6,0.8,0.2,1.0,cea4ee8f
359,Ashley Barnes,eng ENG,FW,Burnley,31,1989,23,8,808,9.0,1,0,0,1,1,4,0,2.3,1.5,0.8,2.3,2691c772
360,Jack Butland,eng ENG,GK,Crystal Palace,28,1993,9,8,765,8.5,0,0,0,0,0,0,0,0.0,0.0,0.0,0.0,cc70a1d5
361,Moisés Caicedo,ec ECU,MF,Brighton,19,2001,8,8,660,7.3,1,1,1,0,0,2,0,1.0,1.0,0.4,1.4,16264a81
362,Karl Darlow,eng ENG,GK,Newcastle Utd,30,1990,8,8,720,8.0,0,0,0,0,0,1,0,0.0,0.0,0.0,0.0,cde3309f
363,Fabian Delph,eng ENG,MF,Everton,31,1989,11,8,662,7.4,0,0,0,0,0,2,0,0.1,0.1,0.1,0.2,111c3236
364,Mohamed Elneny,eg EGY,MF,Arsenal,29,1992,14,8,806,9.0,0,2,0,0,0,1,0,0.2,0.2,0.5,0.8,47a34c4f
365,Eddie Nketiah,eng ENG,FW,Arsenal,22,1999,21,8,835,9.3,5,1,5,0,0,3,0,4.4,4.4,1.9,6.2,a53649b7
366,Erik Pieters,nl NED,DF,Burnley,32,1988,12,8,730,8.1,0,1,0,0,0,1,0,0.3,0.3,0.9,1.3,1ef37668
367,Salomón Rondón,ve VEN,FW,Everton,31,1989,20,8,790,8.8,1,1,1,0,0,3,1,2.4,2.4,1.0,3.3,b318a643
368,Leon Bailey,jm JAM,MFFW,Aston Villa,23,1997,18,7,761,8.5,1,2,1,0,0,3,0,1.8,1.8,0.7,2.5,3a233281
369,Patrick Bamford,eng ENG,FW,Leeds United,27,1993,9,7,559,6.2,2,2,2,0,0,2,0,2.9,2.9,1.0,3.8,93feac6e
370,Edinson Cavani,uy URU,FW,Manchester Utd,34,1987,15,7,766,8.5,2,1,2,0,0,0,0,3.3,3.3,1.3,4.6,527f063d
371,Wesley Fofana,fr FRA,DF,Leicester City,20,2000,7,7,630,7.0,0,0,0,0,0,2,0,0.6,0.6,0.0,0.7,132a82f1
372,André Gomes,pt POR,MF,Everton,28,1993,14,7,619,6.9,0,1,0,0,0,3,0,0.7,0.7,0.2,1.0,1961b2aa
373,Tyler Roberts,wls WAL,MFFW,Leeds United,22,1999,23,7,987,11.0,1,1,1,0,0,5,0,2.4,2.4,1.4,3.8,6c17e046
374,Danny Rose,eng ENG,DF,Watford,31,1990,8,7,689,7.7,0,0,0,0,0,4,0,0.3,0.3,1.0,1.3,89d10e53
375,Lukas Rupp,de GER,MF,Norwich City,30,1991,19,7,769,8.5,0,0,0,0,0,0,0,0.8,0.8,1.5,2.4,3faa1780
376,Ken Sema,se SWE,MFFW,Watford,27,1993,18,7,852,9.5,0,0,0,0,0,1,0,0.2,0.2,1.5,1.7,1770bd68
377,Jamie Shackleton,eng ENG,DFMF,Leeds United,21,1999,14,7,709,7.9,0,0,0,0,0,4,0,0.2,0.2,0.0,0.2,8d03ca5a
378,Ben Chilwell,eng ENG,DF,Chelsea,24,1996,7,6,542,6.0,3,1,3,0,0,0,0,1.0,1.0,1.2,2.1,d2424d1b
379,Eberechi Eze,eng ENG,MFFW,Crystal Palace,23,1998,13,6,605,6.7,1,1,1,0,0,1,0,0.6,0.6,1.2,1.8,ae4fc6a4
380,Adam Idah,ie IRL,FWMF,Norwich City,20,2001,17,6,625,6.9,1,1,1,0,0,0,0,2.2,2.2,0.7,2.9,291e3ec3
381,Mathias Jørgensen,dk DEN,DF,Brentford,31,1990,8,6,518,5.8,1,0,1,0,0,2,0,0.2,0.2,0.3,0.6,0db5d2c8
382,Arthur Masuaku,cd COD,DFMF,West Ham,27,1993,13,6,650,7.2,1,1,1,0,0,1,0,0.1,0.1,0.8,0.9,57df7a11
383,Tanguy Ndombele,fr FRA,MF,Tottenham,24,1996,9,6,484,5.4,1,1,1,0,0,1,0,0.6,0.6,0.5,1.2,5cdddffa
384,Ayoze Pérez,es ESP,MF,Leicester City,28,1993,14,6,445,4.9,2,3,2,0,0,0,1,1.5,1.5,1.9,3.4,819aa8e7
385,Przemysław Płacheta,pl POL,MFFW,Norwich City,23,1998,12,6,504,5.6,0,0,0,0,0,1,0,0.5,0.5,0.8,1.4,3c33f9d9
386,Malang Sarr,fr FRA,DF,Chelsea,22,1999,8,6,546,6.1,0,0,0,0,0,2,0,0.0,0.0,0.4,0.4,4315f30d
387,Fábio Silva,pt POR,FW,Wolves,19,2002,22,6,572,6.4,0,0,0,0,0,0,0,2.1,2.1,0.1,2.2,e7aa9d7c
388,Jakob Sørensen,dk DEN,MFDF,Norwich City,23,1998,10,6,604,6.7,0,0,0,0,0,0,0,0.4,0.4,0.0,0.4,953c30b0
389,James Tomkins,eng ENG,DF,Crystal Palace,32,1989,8,6,547,6.1,1,0,1,0,0,2,0,0.7,0.7,0.2,0.8,e7ca0439
390,Axel Tuanzebe,eng ENG,DF,Aston Villa,23,1997,9,6,508,5.6,0,0,0,0,0,1,0,0.2,0.2,0.0,0.2,2baec6ce
391,Jannik Vestergaard,dk DEN,DF,Leicester City,28,1992,10,6,567,6.3,0,0,0,0,0,2,0,0.1,0.1,0.0,0.1,1900032e
392,Nikola Vlašić,hr CRO,MF,West Ham,23,1997,19,6,560,6.2,1,0,1,0,0,0,0,1.0,1.0,0.8,1.8,aa8e289e
393,Steven Alzate,co COL,MF,Brighton,22,1998,9,5,404,4.5,0,0,0,0,0,0,0,0.1,0.1,0.2,0.3,ad1f61f3
394,Donny van de Beek,nl NED,MF,Everton,24,1997,7,5,483,5.4,1,0,1,0,0,1,0,1.0,1.0,0.1,1.0,50dc94ce
395,Todd Cantwell,eng ENG,FWMF,Norwich City,23,1998,8,5,441,4.9,0,0,0,0,0,2,0,0.2,0.2,0.1,0.4,f63d8a4b
396,Moussa Djenepo,ml MLI,MF,Southampton,23,1998,12,5,457,5.1,0,0,0,0,0,3,0,1.4,1.4,0.4,1.7,254147d4
397,Federico Fernández,ar ARG,DF,Newcastle Utd,32,1989,7,5,523,5.8,0,0,0,0,0,0,0,0.5,0.5,0.4,0.9,f25b010f
398,Joe Gelhardt,eng ENG,FWMF,Leeds United,19,2002,20,5,746,8.3,2,2,2,0,0,4,0,3.3,3.3,1.8,5.1,01962d0d
399,Pedro Neto,pt POR,MFFW,Wolves,21,2000,13,5,466,5.2,1,1,1,0,0,3,0,2.3,2.3,1.2,3.5,7ba2eaa9
400,Saúl Ñíguez,es ESP,DFMF,Chelsea,26,1994,10,5,480,5.3,0,0,0,0,0,1,0,0.3,0.3,0.5,0.7,c14bc029
401,Nicolas Pépé,ci CIV,MF,Arsenal,26,1995,20,5,696,7.7,1,2,1,0,0,0,0,2.7,2.7,1.9,4.6,57e3f0c7
402,Francisco Sierralta,cl CHI,DF,Watford,24,1997,5,5,427,4.7,0,0,0,0,0,0,0,0.1,0.1,0.0,0.1,0f933743
403,Kieran Trippier,eng ENG,DF,Newcastle Utd,30,1990,6,5,429,4.8,2,0,2,0,0,0,0,0.2,0.2,0.4,0.6,21512407
404,Matěj Vydra,cz CZE,FW,Burnley,29,1992,22,5,679,7.5,2,3,2,0,0,1,0,2.9,2.9,0.8,3.7,0d4ceb32
405,Theo Walcott,eng ENG,MFFW,Southampton,32,1989,9,5,379,4.2,0,0,0,0,0,0,0,0.6,0.6,0.1,0.6,1ecb65be
406,Kepa Arrizabalaga,es ESP,GK,Chelsea,26,1994,4,4,360,4.0,0,0,0,0,0,0,0,0.0,0.0,0.0,0.0,28d596a0
407,Steven Bergwijn,nl NED,FWMF,Tottenham,23,1997,25,4,565,6.3,3,1,3,0,0,1,0,2.6,2.6,0.9,3.6,a29b1131
408,Ryan Bertrand,eng ENG,DF,Leicester City,31,1989,4,4,337,3.7,0,0,0,0,0,1,0,0.0,0.0,0.0,0.0,01226327
409,Jarrad Branthwaite,eng ENG,DF,Everton,19,2002,6,4,388,4.3,1,0,1,0,0,0,1,0.5,0.5,0.0,0.5,c1949191
410,Hamza Choudhury,eng ENG,DFMF,Leicester City,23,1997,6,4,285,3.2,0,0,0,0,0,1,0,0.0,0.0,0.0,0.0,7d2d3329
411,Harvey Elliott,eng ENG,MF,Liverpool,18,2003,6,4,346,3.8,0,0,0,0,0,0,0,1.1,1.1,0.6,1.8,c8387671
412,Oghenekaro Etebo,ng NGA,MF,Watford,25,1995,9,4,401,4.5,0,0,0,0,0,3,0,0.1,0.1,0.2,0.2,b579e83d
413,Anwar El Ghazi,nl NED,MFFW,Aston Villa,26,1995,9,4,386,4.3,1,1,0,1,1,2,0,1.2,0.4,0.4,0.8,ffa90327
414,Saman Ghoddos,ir IRN,MFDF,Brentford,27,1993,17,4,536,6.0,1,1,1,0,0,2,0,0.6,0.6,1.0,1.6,f7b1d4e0
415,Toti Gomes,pt POR,DF,Wolves,22,1999,4,4,360,4.0,0,0,0,0,0,1,0,0.0,0.0,0.0,0.0,f0caab96
416,Joe Gomez,eng ENG,DF,Liverpool,24,1997,8,4,331,3.7,0,1,0,0,0,2,0,0.0,0.0,0.7,0.8,7a11550b
417,Charlie Goode,eng ENG,DF,Brentford,25,1995,6,4,450,5.0,0,0,0,0,0,3,0,0.1,0.1,1.0,1.1,7aee4dd3
418,Kortney Hause,eng ENG,DF,Aston Villa,26,1995,7,4,397,4.4,1,0,1,0,0,0,0,0.2,0.2,0.0,0.2,bf8fad51
419,Ki-Jana Hoever,nl NED,DFMF,Wolves,19,2002,8,4,308,3.4,0,0,0,0,0,1,0,0.1,0.1,0.1,0.2,9a71e978
420,Bernd Leno,de GER,GK,Arsenal,29,1992,4,4,360,4.0,0,0,0,0,0,0,0,0.0,0.0,0.0,0.0,2628fd2b
421,Jamal Lewis,nir NIR,DF,Newcastle Utd,23,1998,5,4,262,2.9,0,0,0,0,0,1,0,0.0,0.0,0.0,0.0,efb9215a
422,Kevin Long,ie IRL,DF,Burnley,30,1990,6,4,410,4.6,0,0,0,0,0,1,0,0.2,0.2,0.0,0.2,5a4280b1
423,Andrew Omobamidele,ie IRL,DF,Norwich City,19,2002,5,4,382,4.2,1,0,1,0,0,1,0,0.4,0.4,0.0,0.4,c393a6c4
424,Ferrán Torres,es ESP,FW,Manchester City,21,2000,4,4,303,3.4,2,1,2,0,0,0,0,2.3,2.3,0.0,2.4,9e1035f8
425,Ozan Tufan,tr TUR,MF,Watford,26,1995,7,4,334,3.7,0,0,0,0,0,0,0,0.3,0.3,0.4,0.7,17d45fb2
426,Freddie Woodman,eng ENG,GK,Newcastle Utd,24,1997,4,4,360,4.0,0,0,0,0,0,0,0,0.0,0.0,0.0,0.0,19e50035
427,Eric Bailly,ci CIV,DF,Manchester Utd,27,1994,4,3,217,2.4,0,0,0,0,0,1,0,0.0,0.0,0.0,0.0,a1232f4e
428,Asmir Begović,ba BIH,GK,Everton,34,1987,3,3,270,3.0,0,0,0,0,0,0,0,0.0,0.0,0.0,0.0,7b4de647
429,Ryan Fredericks,eng ENG,DF,West Ham,28,1992,7,3,307,3.4,0,0,0,0,0,1,0,0.0,0.0,0.2,0.2,c067631c
430,Shane Long,ie IRL,FW,Southampton,34,1987,13,3,308,3.4,1,0,1,0,0,1,0,1.2,1.2,0.1,1.3,9f472354
431,Mark Noble,eng ENG,MF,West Ham,34,1987,11,3,332,3.7,1,0,0,1,2,0,0,1.6,0.0,0.0,0.0,ff527768
432,Morgan Sanson,fr FRA,MF,Aston Villa,26,1994,10,3,356,4.0,0,0,0,0,0,0,0,0.0,0.0,0.0,0.1,6e7f1353
433,Christos Tzolis,gr GRE,MFFW,Norwich City,19,2002,14,3,336,3.7,0,0,0,0,0,0,0,0.6,0.6,1.0,1.6,9f333379
434,Yan Valery,tn TUN,DF,Southampton,22,1999,5,3,370,4.1,0,0,0,0,0,0,0,0.0,0.0,0.1,0.2,531a4aa8
435,Willy Caballero,ar ARG,GK,Southampton,39,1981,2,2,180,2.0,0,0,0,0,0,1,0,0.0,0.0,0.0,0.0,a179d516
436,Calum Chambers,eng ENG,DF,Arsenal,26,1995,2,2,170,1.9,0,0,0,0,0,0,0,0.1,0.1,0.1,0.2,dc6f5bdd
437,Carney Chukwuemeka,eng ENG,MFFW,Aston Villa,17,2003,12,2,301,3.3,0,1,0,0,0,0,0,0.6,0.6,0.9,1.5,b2f9c73e
438,Luke Cundle,eng ENG,MF,Wolves,19,2002,4,2,180,2.0,0,0,0,0,0,0,0,0.0,0.0,0.2,0.2,cc3b8e78
439,Josh Dasilva,eng ENG,MFFW,Brentford,22,1998,9,2,257,2.9,0,0,0,0,0,0,1,0.1,0.1,0.2,0.3,60344e4f
440,Tom Davies,eng ENG,MF,Everton,23,1998,6,2,234,2.6,1,0,1,0,0,1,0,0.8,0.8,0.0,0.8,9228b07c
441,Paul Dummett,wls WAL,DF,Newcastle Utd,29,1991,3,2,198,2.2,0,0,0,0,0,2,0,0.0,0.0,0.0,0.0,3fe6bd8c
442,Dan Gosling,eng ENG,MF,Watford,31,1990,4,2,166,1.8,1,0,1,0,0,0,0,0.2,0.2,0.1,0.3,7fec31a0
443,Wayne Hennessey,wls WAL,GK,Burnley,34,1987,2,2,180,2.0,0,0,0,0,0,0,0,0.0,0.0,0.1,0.1,76eca7e2
444,Daniel James,wls WAL,MF,Manchester Utd,23,1997,2,2,126,1.4,0,0,0,0,0,0,0,0.3,0.3,0.3,0.6,c931d9f9
445,Phil Jones,eng ENG,DF,Manchester Utd,29,1992,4,2,163,1.8,0,0,0,0,0,0,0,0.0,0.0,0.0,0.0,def899bd
446,Samuel Kalu,ng NGA,FW,Watford,23,1997,4,2,222,2.5,0,0,0,0,0,0,0,0.2,0.2,0.2,0.4,b8d22478
447,Caoimhín Kelleher,ie IRL,GK,Liverpool,22,1998,2,2,180,2.0,0,0,0,0,0,0,0,0.0,0.0,0.0,0.0,62d7ef38
448,Jesse Lingard,eng ENG,MFFW,Manchester Utd,28,1992,16,2,367,4.1,2,0,2,0,0,1,0,0.7,0.7,0.5,1.2,810e3c74
449,Giovani Lo Celso,ar ARG,MFFW,Tottenham,25,1996,9,2,238,2.6,0,0,0,0,0,0,0,0.7,0.7,0.7,1.4,d7553721
450,Jonas Lössl,dk DEN,GK,Brentford,32,1989,2,2,180,2.0,0,0,0,0,0,0,0,0.0,0.0,0.0,0.0,939bc634
451,Ainsley Maitland-Niles,eng ENG,MF,Arsenal,23,1997,8,2,268,3.0,0,0,0,0,0,0,0,0.1,0.1,0.4,0.4,e3a5814e
452,Pablo Marí,es ESP,DF,Arsenal,27,1993,2,2,180,2.0,0,0,0,0,0,1,0,0.1,0.1,0.1,0.1,aa54ec6f
453,Anthony Martial,fr FRA,FWMF,Manchester Utd,25,1995,8,2,212,2.4,1,0,1,0,0,0,0,0.6,0.6,0.0,0.6,8b788c01
454,Juan Mata,es ESP,MF,Manchester Utd,33,1988,7,2,235,2.6,0,0,0,0,0,0,0,0.4,0.4,0.3,0.7,29733c72
455,Nicolas Nkoulou,cm CMR,DF,Watford,31,1990,3,2,168,1.9,0,0,0,0,0,0,0,0.0,0.0,0.0,0.0,93cf32a8
456,William Smallbone,ie IRL,MFFW,Southampton,21,2000,4,2,133,1.5,0,0,0,0,0,0,0,0.1,0.1,0.1,0.2,5e105217
457,Dominic Thompson,eng ENG,DF,Brentford,21,2000,2,2,146,1.6,0,0,0,0,0,0,0,0.1,0.1,0.0,0.1,235a62f8
458,Christoph Zimmermann,de GER,DF,Norwich City,28,1993,3,2,157,1.7,0,0,0,0,0,0,0,0.1,0.1,0.0,0.1,2d5f03bf
459,Dele Alli,eng ENG,MFFW,Everton,25,1996,11,1,338,3.8,0,0,0,0,0,3,0,0.2,0.2,0.4,0.6,cea4ee8f
460,Alphonse Areola,fr FRA,GK,West Ham,28,1993,1,1,90,1.0,0,0,0,0,0,0,0,0.0,0.0,0.0,0.0,2f965a72
461,Folarin Balogun,eng ENG,FW,Arsenal,20,2001,2,1,70,0.8,0,0,0,0,0,0,0,0.3,0.3,0.0,0.3,31822f8c
462,Ross Barkley,eng ENG,MFFW,Chelsea,27,1993,6,1,179,2.0,1,0,1,0,0,0,0,1.3,1.3,0.7,2.0,3a24769f
463,Lewis Bate,eng ENG,MF,Leeds United,18,2002,3,1,146,1.6,0,0,0,0,0,0,0,0.0,0.0,0.0,0.0,cd4256d3
464,Chiquinho,pt POR,DFFW,Wolves,21,2000,8,1,208,2.3,0,3,0,0,0,0,0,0.4,0.4,0.8,1.1,dc6c2f02
465,Aaron Connolly,ie IRL,FWMF,Brighton,21,2000,4,1,156,1.7,0,0,0,0,0,0,0,0.3,0.3,0.2,0.5,27c01749
466,Charlie Cresswell,eng ENG,DF,Leeds United,18,2002,5,1,141,1.6,0,0,0,0,0,1,0,0.1,0.1,0.0,0.1,4654e5f5
467,Cody Drameh,eng ENG,DFMF,Leeds United,19,2001,3,1,128,1.4,0,0,0,0,0,1,0,0.0,0.0,0.0,0.0,e0d1510a
468,Marcus Forss,fi FIN,FWMF,Brentford,22,1999,7,1,209,2.3,0,1,0,0,0,0,0,0.5,0.5,0.2,0.7,82c215a0
469,Jean-Philippe Gbamin,ci CIV,MF,Everton,25,1995,3,1,67,0.7,0,0,0,0,0,0,0,0.0,0.0,0.0,0.0,6bd603db
470,Sam Greenwood,eng ENG,MFFW,Leeds United,19,2002,7,1,237,2.6,0,2,0,0,0,0,0,0.4,0.4,0.4,0.8,f3354c07
471,Tim Iroegbunam,eng ENG,MF,Aston Villa,18,2003,3,1,92,1.0,0,0,0,0,0,1,0,0.2,0.2,0.0,0.2,84c5ceea
472,Kenedy,br BRA,DF,Chelsea,25,1996,1,1,58,0.6,0,1,0,0,0,0,0,0.1,0.1,0.6,0.7,5eebbfdf
473,Sead Kolašinac,ba BIH,DF,Arsenal,28,1993,2,1,91,1.0,0,0,0,0,0,1,0,0.0,0.0,0.0,0.0,3935e52e
474,Hannibal Mejbri,tn TUN,MFFW,Manchester Utd,18,2003,2,1,68,0.8,0,0,0,0,0,2,0,0.1,0.1,0.0,0.1,ca22ccb0
475,Benjamin Mendy,fr FRA,DF,Manchester City,27,1994,1,1,78,0.9,0,0,0,0,0,0,0,0.0,0.0,0.2,0.2,5271c8f1
476,Takumi Minamino,jp JPN,FWMF,Liverpool,26,1995,11,1,186,2.1,3,0,3,0,0,1,0,1.7,1.7,0.5,2.2,f833a830
477,Tyler Morton,eng ENG,MF,Liverpool,18,2002,2,1,66,0.7,0,0,0,0,0,1,0,0.0,0.0,0.0,0.0,2bc28bb9
478,Robin Olsen,se SWE,GK,Aston Villa,31,1990,1,1,90,1.0,0,0,0,0,0,0,0,0.0,0.0,0.0,0.0,e7ee38c3
479,Cole Palmer,eng ENG,FWMF,Manchester City,19,2002,4,1,123,1.4,0,0,0,0,0,0,0,0.6,0.6,0.1,0.7,dc7f8a28
480,Jesuran Rak Sakyi,eng ENG,FWMF,Crystal Palace,18,2002,2,1,80,0.9,0,0,0,0,0,0,0,0.0,0.0,0.0,0.0,45685411
481,Jaïro Riedewald,nl NED,MF,Crystal Palace,24,1996,3,1,118,1.3,0,0,0,0,0,0,0,0.0,0.0,0.1,0.1,7a1f2c08
482,John Ruddy,eng ENG,GK,Wolves,34,1986,2,1,135,1.5,0,0,0,0,0,0,0,0.0,0.0,0.0,0.0,da8b19e2
483,Jeremy Sarmiento,ec ECU,MFFW,Brighton,19,2002,5,1,48,0.5,0,0,0,0,0,0,0,0.0,0.0,0.0,0.0,ac0d576d
484,Ellis Simms,eng ENG,FW,Everton,20,2001,1,1,61,0.7,0,0,0,0,0,0,0,0.0,0.0,0.0,0.0,26d3b5be
485,Tony Springett,eng ENG,MF,Norwich City,18,2002,3,1,141,1.6,0,0,0,0,0,1,0,0.1,0.1,0.6,0.7,35be8087
486,Jason Steele,eng ENG,GK,Brighton,30,1990,1,1,90,1.0,0,0,0,0,0,0,0,0.0,0.0,0.0,0.0,28300a16
487,Jed Steer,eng ENG,GK,Aston Villa,28,1992,1,1,90,1.0,0,0,0,0,0,0,0,0.0,0.0,0.0,0.0,a8a3d139
488,Zack Steffen,us USA,GK,Manchester City,26,1995,1,1,90,1.0,0,0,0,0,0,0,0,0.0,0.0,0.0,0.0,42130443
489,Dale Stephens,eng ENG,MF,Burnley,32,1989,3,1,124,1.4,0,0,0,0,0,1,0,0.0,0.0,0.1,0.1,653ee42d
490,Bertrand Traoré,bf BFA,MFFW,Aston Villa,25,1995,9,1,220,2.4,0,0,0,0,0,0,0,0.4,0.4,0.0,0.4,c47541e0
491,Danny Ward,wls WAL,GK,Leicester City,28,1993,1,1,90,1.0,0,0,0,0,0,0,0,0.0,0.0,0.0,0.0,d3ce0e89
492,Andriy Yarmolenko,ua UKR,MFFW,West Ham,31,1989,19,1,316,3.5,1,0,1,0,0,1,0,1.1,1.1,0.4,1.5,849c826a
493,Cameron Archer,eng ENG,FWMF,Aston Villa,19,2001,3,0,27,0.3,0,0,0,0,0,0,0,0.1,0.1,0.0,0.1,05e8ca6d
494,Harrison Ashby,sct SCO,DF,West Ham,19,2001,1,0,7,0.1,0,0,0,0,0,0,0,0.0,0.0,0.0,0.0,b391383a
495,Donny van de Beek,nl NED,MF,Manchester Utd,24,1997,8,0,75,0.8,1,0,1,0,0,0,0,0.8,0.8,0.5,1.3,50dc94ce
496,Mads Bidstrup,dk DEN,MF,Brentford,20,2001,4,0,41,0.5,0,0,0,0,0,0,0,0.0,0.0,0.0,0.0,407db0d5
497,Lewis Brunt,eng ENG,MF,Leicester City,20,2000,1,0,24,0.3,0,0,0,0,0,0,0,0.0,0.0,0.0,0.0,a2081c6b
498,Bryan,es ESP,MFDF,Tottenham,20,2001,9,0,94,1.0,0,0,0,0,0,0,0,0.2,0.2,0.1,0.3,7b5ab7f2
499,Chem Campbell,wls WAL,MF,Wolves,18,2002,1,0,13,0.1,0,0,0,0,0,0,0,0.0,0.0,0.0,0.0,6f711f67
500,Kayky Chagas,br BRA,FW,Manchester City,18,2003,1,0,7,0.1,0,0,0,0,0,0,0,0.0,0.0,0.0,0.0,17734ea0
501,Daniel Chesters,eng ENG,MF,West Ham,19,2002,1,0,1,0.0,0,0,0,0,0,0,0,0.0,0.0,0.0,0.0,240c8ab6
502,Hélder Costa,ao ANG,MF,Leeds United,27,1994,1,0,22,0.2,0,0,0,0,0,0,0,0.0,0.0,0.0,0.0,f13d02a6
503,Keinan Davis,eng ENG,FW,Aston Villa,23,1998,1,0,12,0.1,0,0,0,0,0,0,0,0.0,0.0,0.0,0.0,9deaf2c8
504,Troy Deeney,eng ENG,FW,Watford,33,1988,2,0,25,0.3,0,0,0,0,0,0,0,0.1,0.1,0.1,0.2,82e34b69
505,Liam Delap,eng ENG,FW,Manchester City,18,2003,1,0,10,0.1,0,0,0,0,0,0,0,0.0,0.0,0.0,0.0,dd897ee7
506,Lewis Dobbin,eng ENG,FWMF,Everton,18,2003,3,0,32,0.4,0,0,0,0,0,1,0,0.0,0.0,0.0,0.0,e814e1cf
507,CJ Egan-Riley,eng ENG,DF,Manchester City,18,2003,1,0,4,0.0,0,0,0,0,0,0,0,0.0,0.0,0.0,0.0,d313e8ff
508,Evan Ferguson,ie IRL,MF,Brighton,16,2004,1,0,23,0.3,0,0,0,0,0,0,0,0.0,0.0,0.0,0.0,4596da74
509,Nathan Ferguson,eng ENG,DF,Crystal Palace,20,2000,1,0,9,0.1,0,0,0,0,0,0,0,0.0,0.0,0.0,0.0,2f8d27bc
510,Ashley Fletcher,eng ENG,FW,Watford,25,1995,3,0,30,0.3,0,0,0,0,0,0,0,0.3,0.3,0.0,0.3,eeb6551f
511,Tariqe Fosu,gh GHA,DF,Brentford,25,1995,1,0,17,0.2,0,0,0,0,0,0,0,0.1,0.1,0.0,0.1,3dcef539
512,Leo Fuhr Hjelde,no NOR,MFDF,Leeds United,17,2003,2,0,150,1.7,0,0,0,0,0,0,0,0.0,0.0,0.0,0.0,d102b8a2
513,Alejandro Garnacho,es ESP,MF,Manchester Utd,17,2004,2,0,13,0.1,0,0,0,0,0,0,0,0.0,0.0,0.0,0.0,7aa8adfe
514,Dwight Gayle,eng ENG,FWDF,Newcastle Utd,30,1990,8,0,38,0.4,0,0,0,0,0,1,0,0.4,0.4,0.3,0.8,e58a03c6
515,Anwar El Ghazi,nl NED,MF,Everton,26,1995,2,0,13,0.1,0,0,0,0,0,0,0,0.0,0.0,0.0,0.0,ffa90327
516,Morgan Gibbs-White,eng ENG,DFFW,Wolves,21,2000,2,0,9,0.1,0,0,0,0,0,1,0,0.2,0.2,0.0,0.2,32f60ed8
517,Kaide Gordon,eng ENG,FW,Liverpool,16,2004,1,0,9,0.1,0,0,0,0,0,0,0,0.4,0.4,0.0,0.4,19a9cb70
518,Jeff Hendrick,ie IRL,MF,Newcastle Utd,29,1992,3,0,72,0.8,1,0,1,0,0,0,0,0.0,0.0,0.0,0.0,989d5705
519,Moise Kean,it ITA,FW,Everton,21,2000,1,0,1,0.0,0,0,0,0,0,0,0,0.0,0.0,0.0,0.0,3d50bcdb
520,Kristoffer Klaesson,no NOR,GK,Leeds United,20,2000,1,0,36,0.4,0,0,0,0,0,0,0,0.0,0.0,0.0,0.0,3f70db80
521,Alex Král,cz CZE,MF,West Ham,23,1998,1,0,1,0.0,0,0,0,0,0,0,0,0.0,0.0,0.0,0.0,e717705a
522,Jürgen Locadia,nl NED,MFFW,Brighton,27,1993,1,0,23,0.3,0,0,0,0,0,0,0,0.1,0.1,0.0,0.1,6cc47ae1
523,James Mcatee,eng ENG,MFFW,Manchester City,18,2002,2,0,20,0.2,0,0,0,0,0,0,0,0.1,0.1,0.0,0.1,96593e89
524,Kasey McAteer,eng ENG,MF,Leicester City,19,2001,1,0,3,0.0,0,0,0,0,0,0,0,0.0,0.0,0.0,0.0,b2c66859
525,Liam McCarron,sct SCO,MF,Leeds United,20,2001,1,0,10,0.1,0,0,0,0,0,0,0,0.0,0.0,0.0,0.0,076bb352
526,Stuart McKinstry,sct SCO,MF,Leeds United,18,2002,1,0,4,0.0,0,0,0,0,0,0,0,0.0,0.0,0.0,0.0,1000a059
527,Wesley Moraes,br BRA,FW,Aston Villa,24,1996,1,0,1,0.0,0,0,0,0,0,0,0,0.0,0.0,0.0,0.0,bfae110f
528,Bali Mumba,eng ENG,DF,Norwich City,19,2001,1,0,45,0.5,0,0,0,0,0,0,0,0.0,0.0,0.0,0.0,2d760d7b
529,Reiss Nelson,eng ENG,MF,Arsenal,21,1999,1,0,20,0.2,0,0,0,0,0,0,0,0.0,0.0,0.1,0.1,c5bdb6e3
530,Tyler Onyango,eng ENG,MF,Everton,18,2003,3,0,28,0.3,0,0,0,0,0,0,0,0.1,0.1,0.0,0.1,d86a1f3e
531,Divock Origi,be BEL,FW,Liverpool,26,1995,7,0,133,1.5,3,0,3,0,0,0,0,1.4,1.4,0.0,1.4,43a166b4
532,Emerson Palmieri,it ITA,DF,Chelsea,26,1994,1,0,5,0.1,0,0,0,0,0,0,0,0.0,0.0,0.0,0.0,e0bc6fdc
533,Sonny Perkins,eng ENG,FW,West Ham,17,2004,1,0,4,0.0,0,0,0,0,0,0,0,,,,,87f12e30
534,Jaden Philogene Bidace,eng ENG,FW,Aston Villa,19,2002,1,0,5,0.1,0,0,0,0,0,0,0,0.0,0.0,0.0,0.0,19f4d211
535,Isaac Price,nir NIR,MF,Everton,17,2003,1,0,14,0.2,0,0,0,0,0,0,0,0.1,0.1,0.0,0.1,b9403c99
536,Taylor Richards,eng ENG,MF,Brighton,20,2000,2,0,25,0.3,0,0,0,0,0,0,0,0.0,0.0,0.0,0.0,e0243d23
537,Joe Rodon,wls WAL,DF,Tottenham,23,1997,3,0,89,1.0,0,0,0,0,0,0,0,0.0,0.0,0.0,0.0,8d62d31a
538,Jon Rowe,eng ENG,MFFW,Norwich City,18,2003,13,0,223,2.5,0,1,0,0,0,0,0,0.2,0.2,0.6,0.9,8c12f884
539,Dane Scarlett,eng ENG,MF,Tottenham,17,2004,1,0,4,0.0,0,0,0,0,0,0,0,0.0,0.0,0.0,0.0,21945a9e
540,Shola Shoretire,eng ENG,MF,Manchester Utd,17,2004,1,0,16,0.2,0,0,0,0,0,0,0,0.0,0.0,0.0,0.0,00f0482f
541,Finley Stevens,wls WAL,DF,Brentford,18,2003,1,0,15,0.2,0,0,0,0,0,0,0,0.0,0.0,0.1,0.1,7e003182
542,Crysencio Summerville,nl NED,MF,Leeds United,19,2001,6,0,130,1.4,0,0,0,0,0,0,0,0.2,0.2,0.1,0.3,df04eb4b
543,Cenk Tosun,tr TUR,MF,Everton,30,1991,1,0,7,0.1,0,0,0,0,0,0,0,0.0,0.0,0.0,0.0,9a104dee
544,Trézéguet,eg EGY,FW,Aston Villa,26,1994,1,0,11,0.1,0,0,0,0,0,0,0,0.1,0.1,0.0,0.1,3ae14ed1
545,Neco Williams,wls WAL,DF,Liverpool,20,2001,1,0,8,0.1,0,1,0,0,0,0,0,0.0,0.0,0.7,0.7,dd323728
546,Nathan Young-Coombes,eng ENG,MF,Brentford,18,2003,1,0,4,0.0,0,0,0,0,0,0,0,0.0,0.0,0.0,0.0,f9682888